episode,step,outcome,collision_type,spawn_zone,spawn_x,spawn_y,goal_x,goal_y,d_goal_init,n_waypoints,waypoints_reached,reward,steps,success_roll,collision_roll,collision_ped_roll,collision_static_roll,shield_frozen_roll,mean_reward_roll,cbf_omega_decay_ep,sps,d_min_ped_terminal,min_lidar_terminal,collision_source
1,750223,success,,longue_2,-6.98,6.36,-3.42,6.85,3.59,5,4,-22.1917,223,1.0,0.0,0.0,0.0,0.0,-22.1917,1.0,1.26,,,
2,750452,success,,longue_1,-6.71,-4.29,-5.19,-5.79,2.13,4,3,-36.7218,229,1.0,0.0,0.0,0.0,0.0,-29.45675,1.0,2.36,,,
3,750613,success,,longue_2,-6.49,6.78,-3.47,6.38,3.05,5,4,-9.3838,161,1.0,0.0,0.0,0.0,0.0,-22.765766666666668,1.0,3.05,,,
4,750691,success,,longue_2,-6.63,6.49,-6.7,4.05,2.45,4,3,10.1391,78,1.0,0.0,0.0,0.0,0.0,-14.53955,1.0,3.35,,,
5,750806,collision,static,longue_2,-6.99,5.5,5.53,-5.9,16.93,20,4,-49.2744,115,0.8,0.2,0.0,0.2,0.0,-21.486520000000002,0.9996,3.78,,,
6,751005,success,,longue_2,-6.84,4.0,-3.91,-0.86,5.68,7,6,-10.9437,199,0.8333333333333334,0.16666666666666666,0.0,0.16666666666666666,0.0,-19.729383333333335,1.0,4.45,,,
7,751162,success,,longue_2,-6.8,4.0,-4.16,1.25,3.82,5,4,-10.9316,157,0.8571428571428571,0.14285714285714285,0.0,0.14285714285714285,0.0,-18.47255714285714,1.0,4.93,,,
8,751388,collision,static,longue_2,-6.6,6.58,-5.19,0.29,6.45,8,6,-102.2752,226,0.75,0.25,0.0,0.25,0.0,-28.9478875,0.9999,5.56,,,
9,751461,collision,static,longue_2,-6.63,6.56,-2.86,5.47,3.92,5,2,-47.8968,73,0.6666666666666666,0.3333333333333333,0.0,0.3333333333333333,0.0,-31.05332222222222,,5.75,,,
10,751595,success,,longue_2,-6.71,6.84,-6.71,3.0,3.84,5,4,0.9249,134,0.7,0.3,0.0,0.3,0.0,-27.8555,1.0,6.08,,,
11,751712,collision,static,longue_2,-6.62,6.39,-3.27,6.78,3.37,5,1,-72.1212,117,0.6363636363636364,0.36363636363636365,0.0,0.36363636363636365,0.0,-31.879654545454546,,6.34,,,
12,751843,success,,longue_2,-6.99,5.5,-6.83,1.67,3.83,5,4,2.0292,131,0.6666666666666666,0.3333333333333333,0.0,0.3333333333333333,0.0,-29.053916666666666,1.0,6.62,,,
13,751921,success,,longue_2,-6.7,6.35,-6.8,3.94,2.41,4,3,9.8152,78,0.6923076923076923,0.3076923076923077,0.0,0.3076923076923077,0.0,-26.063984615384616,1.0,6.78,,,
14,752114,collision,static,petite_1,4.7,-5.5,3.97,-1.77,3.8,7,3,-100.1964,193,0.6428571428571429,0.35714285714285715,0.0,0.35714285714285715,0.0,-31.35915714285714,0.9998,7.15,,,
15,752195,success,,longue_2,-6.99,6.19,-6.64,3.62,2.59,4,3,12.6905,81,0.6666666666666666,0.3333333333333333,0.0,0.3333333333333333,0.0,-28.42251333333333,1.0,7.3,,,
16,752260,collision,static,longue_2,-6.01,6.8,-2.36,4.61,4.25,6,1,-46.4123,65,0.625,0.375,0.0,0.375,0.0,-29.546875,,7.41,,,
17,752324,collision,static,longue_2,-6.85,6.77,-2.17,5.65,4.81,6,2,-39.2341,64,0.5882352941176471,0.4117647058823529,0.0,0.4117647058823529,0.0,-30.116711764705883,1.0,7.52,,,
18,752667,success,,petite_1,5.19,-5.5,4.97,-1.51,4.0,6,5,-134.329,343,0.6111111111111112,0.3888888888888889,0.0,0.3888888888888889,0.0,-35.906283333333334,1.0,8.08,,,
19,752784,success,,longue_2,-6.5,6.46,-6.8,3.05,3.42,5,4,9.0515,117,0.631578947368421,0.3684210526315789,0.0,0.3684210526315789,0.0,-33.54008421052632,1.0,8.25,,,
20,752904,success,,longue_1,-4.98,-6.82,-2.6,-6.05,2.5,4,3,-5.6561,120,0.65,0.35,0.0,0.35,0.0,-32.145885,1.0,8.41,,,
21,753045,collision,static,longue_2,-6.97,6.96,-3.02,5.68,4.14,6,3,-57.2361,141,0.6190476190476191,0.38095238095238093,0.0,0.38095238095238093,0.0,-33.34065714285715,1.0,8.6,,,
22,753130,success,,longue_1,-4.16,-6.73,-5.09,-4.15,2.74,4,3,16.8688,85,0.6363636363636364,0.36363636363636365,0.0,0.36363636363636365,0.0,-31.05840909090909,1.0,8.71,,,
23,753176,collision,static,longue_2,-6.27,6.65,-6.67,3.23,3.44,5,2,-34.7601,46,0.6086956521739131,0.391304347826087,0.0,0.391304347826087,0.0,-31.219352173913045,,8.76,,,
24,753253,success,,petite_1,6.19,-6.36,4.7,-5.0,2.02,3,2,9.9001,77,0.625,0.375,0.0,0.375,0.0,-29.506041666666665,1.0,8.86,,,
25,753405,collision,static,longue_2,-6.9,4.35,-3.91,1.75,3.96,6,3,-96.2331,152,0.6,0.4,0.0,0.4,0.0,-32.175124000000004,0.8007,9.04,,,
26,753530,success,,petite_1,5.18,-5.5,6.74,-3.67,2.41,4,3,-9.9917,125,0.6153846153846154,0.38461538461538464,0.0,0.38461538461538464,0.0,-31.321915384615387,1.0,9.18,,,
27,753656,collision,pedestrian,corridor,4.61,-1.0,2.43,1.89,3.62,5,4,-73.4109,126,0.5925925925925926,0.4074074074074074,0.037037037037037035,0.37037037037037035,0.0,-32.880766666666666,1.0,9.31,,,
28,753738,success,,longue_1,-5.3,-6.59,-3.58,-5.22,2.19,4,3,6.3919,82,0.6071428571428571,0.39285714285714285,0.03571428571428571,0.35714285714285715,0.0,-31.478171428571432,1.0,9.4,,,
29,753891,success,,petite_2,5.12,5.5,6.52,2.22,3.57,5,4,-14.4833,153,0.6206896551724138,0.3793103448275862,0.034482758620689655,0.3448275862068966,0.0,-30.892141379310345,1.0,9.55,,,
30,753968,collision,static,petite_1,5.46,-4.24,5.06,-1.77,2.5,4,2,-64.8432,77,0.6,0.4,0.03333333333333333,0.36666666666666664,0.0,-32.02384333333334,0.9998,9.62,,,
31,754192,success,,petite_2,5.02,4.6,6.56,2.47,2.64,4,3,-39.1909,224,0.6129032258064516,0.3870967741935484,0.03225806451612903,0.3548387096774194,0.0,-32.25503870967742,1.0,9.83,,,
32,754309,collision,static,longue_2,-6.08,6.72,-2.6,4.79,3.98,5,1,-70.2378,117,0.59375,0.40625,0.03125,0.375,0.0,-33.442,,9.93,,,
33,754536,success,,longue_1,-5.5,-4.7,-6.81,-1.71,3.26,5,4,-54.4457,227,0.6060606060606061,0.3939393939393939,0.030303030303030304,0.36363636363636365,0.0,-34.07847575757576,1.0,10.12,,,
34,754829,success,,longue_2,-6.98,6.72,-2.8,5.87,4.27,6,5,-51.4326,293,0.6176470588235294,0.38235294117647056,0.029411764705882353,0.35294117647058826,0.0,-34.58889117647059,1.0,10.35,,,
35,755039,success,,corridor,-3.91,0.2,-0.61,-1.73,3.82,6,5,-18.951,210,0.6285714285714286,0.37142857142857144,0.02857142857142857,0.34285714285714286,0.0,-34.142094285714286,1.0,10.51,,,
36,755152,collision,static,longue_2,-6.87,6.47,-2.6,5.21,4.45,6,2,-50.2015,113,0.6111111111111112,0.3888888888888889,0.027777777777777776,0.3611111111111111,0.0,-34.58818888888889,,10.59,,,
37,755259,success,,longue_2,-6.68,6.92,-6.62,3.8,3.12,5,4,6.7577,107,0.6216216216216216,0.3783783783783784,0.02702702702702703,0.35135135135135137,0.0,-33.470732432432435,1.0,10.66,,,
38,755397,success,,longue_1,-4.01,-5.5,-1.85,-5.35,2.17,4,3,-17.7538,138,0.631578947368421,0.3684210526315789,0.02631578947368421,0.34210526315789475,0.0,-33.057128947368426,1.0,10.75,,,
39,755606,success,,longue_2,-6.05,6.75,-3.72,6.76,2.33,4,3,-29.591,209,0.6410256410256411,0.358974358974359,0.02564102564102564,0.3333333333333333,0.0,-32.96825384615384,1.0,10.89,,,
40,755763,collision,pedestrian,longue_1,-5.32,-6.7,0.14,-4.36,5.94,7,5,-67.6348,157,0.625,0.375,0.05,0.325,0.0,-33.8349175,0.9691,10.98,,,
41,755822,collision,static,longue_2,-6.09,6.96,-2.58,5.26,3.9,5,2,-39.1648,59,0.6097560975609756,0.3902439024390244,0.04878048780487805,0.34146341463414637,0.0,-33.96491463414634,1.0,11.02,,,
42,755889,collision,static,longue_2,-6.67,6.94,-4.81,0.45,6.75,8,3,-38.0519,67,0.5952380952380952,0.40476190476190477,0.047619047619047616,0.35714285714285715,0.0,-34.06222380952381,,11.06,,,
43,755933,collision,static,longue_2,-6.41,6.86,-6.61,3.08,3.79,5,2,-33.4927,44,0.5813953488372093,0.4186046511627907,0.046511627906976744,0.37209302325581395,0.0,-34.04897906976744,,11.08,,,
44,755986,collision,static,longue_2,-6.45,6.65,-6.46,1.69,4.96,6,2,-33.075,53,0.5681818181818182,0.4318181818181818,0.045454545454545456,0.38636363636363635,0.0,-34.02684318181818,,11.11,,,
45,756233,success,,petite_2,4.71,4.5,5.26,-1.13,5.65,8,7,-25.8414,247,0.5777777777777777,0.4222222222222222,0.044444444444444446,0.37777777777777777,0.0,-33.844944444444444,1.0,11.24,,,
46,756274,collision,static,longue_2,-6.03,6.72,-6.9,4.05,2.81,4,2,-32.2812,41,0.5652173913043478,0.43478260869565216,0.043478260869565216,0.391304347826087,0.0,-33.81095,,11.26,,,
47,756570,success,,longue_2,-6.82,6.5,-3.49,6.6,3.33,5,4,-64.0071,296,0.574468085106383,0.425531914893617,0.0425531914893617,0.3829787234042553,0.0,-34.45342127659574,1.0,11.41,,,
48,756666,success,,longue_2,-6.6,6.59,-6.83,3.65,2.95,4,3,3.9944,96,0.5833333333333334,0.4166666666666667,0.041666666666666664,0.375,0.0,-33.652425,1.0,11.45,,,
49,756799,success,,longue_2,-6.73,6.81,-6.51,2.98,3.83,5,4,-1.9313,133,0.5918367346938775,0.40816326530612246,0.04081632653061224,0.3673469387755102,0.0,-33.005055102040814,1.0,11.52,,,
50,756902,success,,longue_2,-6.92,4.11,-5.3,1.84,2.78,4,3,-1.4042,103,0.6,0.4,0.04,0.36,0.0,-32.373038,1.0,11.57,,,
51,756941,collision,static,longue_2,-6.39,6.63,-5.05,-5.49,12.2,14,2,-31.9862,39,0.5882352941176471,0.4117647058823529,0.0392156862745098,0.37254901960784315,0.0,-32.36545294117647,,11.59,,,
52,757095,collision,static,petite_1,4.53,-5.5,-0.16,-1.69,6.04,11,3,-96.7265,154,0.5769230769230769,0.4230769230769231,0.038461538461538464,0.38461538461538464,0.0,-33.60316538461538,0.9999,11.65,,,
53,757558,success,,longue_1,-5.56,-4.69,-5.42,-6.8,2.11,4,3,-128.074,463,0.5849056603773585,0.41509433962264153,0.03773584905660377,0.37735849056603776,0.0,-35.38563396226415,1.0,11.86,,,
54,757599,collision,static,longue_2,-6.38,6.63,-5.15,-0.01,6.76,8,2,-32.9074,41,0.5740740740740741,0.42592592592592593,0.037037037037037035,0.3888888888888889,0.0,-35.339740740740744,,11.87,,,
55,758199,timeout,,corridor,-1.25,1.48,3.15,-5.34,8.11,13,10,-178.993,600,0.5636363636363636,0.41818181818181815,0.03636363636363636,0.38181818181818183,0.0,-37.95161818181818,1.0,12.1,,,
56,758353,collision,static,longue_2,-6.99,4.64,-3.01,4.24,4.0,6,2,-69.0235,154,0.5535714285714286,0.42857142857142855,0.03571428571428571,0.39285714285714285,0.0,-38.50647321428572,1.0,12.15,,,
57,758690,collision,static,longue_2,-6.94,4.48,-2.43,6.74,5.05,7,1,-146.0101,337,0.543859649122807,0.43859649122807015,0.03508771929824561,0.40350877192982454,0.0,-40.39250175438597,1.0,12.27,,,
58,758779,collision,static,longue_2,-6.2,6.84,-2.98,5.6,3.44,5,2,-54.2149,89,0.5344827586206896,0.4482758620689655,0.034482758620689655,0.41379310344827586,0.0,-40.63081896551724,1.0,12.29,,,
59,759096,collision,static,longue_2,-6.92,4.05,-6.85,6.06,2.01,4,1,-141.5891,317,0.5254237288135594,0.4576271186440678,0.03389830508474576,0.423728813559322,0.0,-42.34197627118644,1.0,12.39,,,
60,759301,success,,longue_2,-5.46,6.98,-3.43,6.77,2.05,4,3,-28.4162,205,0.5333333333333333,0.45,0.03333333333333333,0.4166666666666667,0.0,-42.10988,1.0,12.45,,,
61,759382,collision,static,petite_1,5.4,-4.37,2.53,-1.84,3.83,7,2,-66.8862,81,0.5245901639344263,0.45901639344262296,0.03278688524590164,0.4262295081967213,0.0,-42.51604918032787,0.9999,12.47,,,
62,759593,collision,static,longue_2,-6.41,6.59,-3.45,6.53,2.96,4,1,-98.3254,211,0.5161290322580645,0.46774193548387094,0.03225806451612903,0.43548387096774194,0.0,-43.416199999999996,,12.53,,,
63,759722,collision,static,longue_2,-7.0,6.6,-2.77,4.14,4.89,6,2,-63.6239,129,0.5079365079365079,0.47619047619047616,0.031746031746031744,0.4444444444444444,0.0,-43.73695714285714,,12.57,,,
64,759779,collision,static,longue_2,-6.51,6.85,-2.92,5.47,3.85,5,2,-39.6973,57,0.5,0.484375,0.03125,0.453125,0.0,-43.6738375,,12.58,,,
65,759908,collision,static,longue_2,-6.27,6.6,-2.89,5.92,3.45,5,1,-68.8612,129,0.49230769230769234,0.49230769230769234,0.03076923076923077,0.46153846153846156,0.0,-44.06133538461539,,12.61,,,
66,760018,success,,longue_2,-4.15,6.94,-2.5,4.65,2.82,4,3,-1.1623,110,0.5,0.48484848484848486,0.030303030303030304,0.45454545454545453,0.0,-43.41135,1.0,12.64,,,
67,760303,collision,static,corridor,3.49,0.73,-1.33,-4.71,7.27,14,4,-107.5723,285,0.4925373134328358,0.4925373134328358,0.029850746268656716,0.4626865671641791,0.0,-44.36897611940299,1.0,12.71,,,
68,760377,collision,static,longue_2,-6.93,6.37,-2.73,5.31,4.33,6,2,-48.0583,74,0.4852941176470588,0.5,0.029411764705882353,0.47058823529411764,0.0,-44.42323088235294,,12.73,,,
69,760513,success,,petite_2,6.05,6.24,3.47,5.54,2.67,4,3,-10.9504,136,0.4927536231884058,0.4927536231884058,0.028985507246376812,0.463768115942029,0.0,-43.938117391304345,1.0,12.76,,,
70,760843,collision,static,corridor,-4.0,-1.23,-4.0,-6.8,5.57,8,3,-160.9182,330,0.4857142857142857,0.5,0.02857142857142857,0.4714285714285714,0.0,-45.60926142857143,1.0,12.83,,,
71,761184,success,,longue_1,-4.66,-5.5,-0.39,-5.98,4.3,6,5,-63.5731,341,0.49295774647887325,0.49295774647887325,0.028169014084507043,0.4647887323943662,0.0,-45.86227323943662,1.0,12.91,,,
72,761251,success,,longue_2,-6.95,6.32,-6.77,4.14,2.19,4,3,13.7877,67,0.5,0.4861111111111111,0.027777777777777776,0.4583333333333333,0.0,-45.03380138888889,,12.92,,,
73,761334,success,,petite_1,5.29,-6.2,4.2,-4.45,2.06,3,2,2.6729,83,0.5068493150684932,0.4794520547945205,0.0273972602739726,0.4520547945205479,0.0,-44.38028493150685,1.0,12.93,,,
74,761473,success,,longue_1,-5.21,-5.5,-6.85,-2.4,3.51,5,4,-4.2538,139,0.5135135135135135,0.47297297297297297,0.02702702702702703,0.44594594594594594,0.0,-43.83803513513514,1.0,12.96,,,
75,761770,collision,pedestrian,longue_2,-5.86,6.95,-0.94,6.48,4.94,6,5,-117.0519,297,0.5066666666666667,0.48,0.04,0.44,0.0,-44.81422,0.9817,13.02,,,
76,761925,success,,longue_2,-6.52,6.71,-2.72,6.22,3.83,5,4,-5.9026,155,0.5131578947368421,0.47368421052631576,0.039473684210526314,0.4342105263157895,0.0,-44.302225,1.0,13.04,,,
77,762296,success,,longue_1,-4.02,-5.5,-4.97,-1.57,4.04,6,5,-89.455,371,0.5194805194805194,0.4675324675324675,0.03896103896103896,0.42857142857142855,0.0,-44.88862467532468,1.0,13.11,,,
78,762464,collision,static,longue_2,-6.72,6.36,-3.7,6.74,3.04,4,1,-78.3449,168,0.5128205128205128,0.47435897435897434,0.038461538461538464,0.4358974358974359,0.0,-45.317551282051284,,13.14,,,
79,762689,success,,petite_1,6.45,-6.36,6.81,-2.08,4.3,6,5,-84.4676,225,0.5189873417721519,0.46835443037974683,0.0379746835443038,0.43037974683544306,0.0,-45.813121518987344,1.0,13.18,,,
80,762954,success,,corridor,0.99,-0.74,5.91,-1.51,4.97,6,5,-32.9923,265,0.525,0.4625,0.0375,0.425,0.0,-45.65286125,1.0,13.23,,,
81,763191,collision,pedestrian,petite_1,4.66,-5.5,0.8,-5.18,3.87,5,3,-113.5137,237,0.5185185185185185,0.4691358024691358,0.04938271604938271,0.41975308641975306,0.0,-46.49064938271605,0.9498,13.27,,,
82,763456,collision,static,longue_1,-4.53,-4.57,-4.38,-0.62,3.96,7,2,-119.882,265,0.5121951219512195,0.47560975609756095,0.04878048780487805,0.4268292682926829,0.0,-47.38566585365854,0.9915,13.32,,,
83,764056,timeout,,corridor,5.6,-1.01,-1.43,-5.7,8.46,11,4,-209.2555,600,0.5060240963855421,0.46987951807228917,0.04819277108433735,0.42168674698795183,0.0,-49.335904819277104,1.0,13.41,,,
84,764398,success,,longue_2,-6.92,6.87,-6.66,-2.33,9.21,11,10,-42.208,342,0.5119047619047619,0.4642857142857143,0.047619047619047616,0.4166666666666667,0.0,-49.25104880952381,1.0,13.46,,,
85,764619,collision,static,longue_2,-6.85,4.13,-2.72,4.17,4.13,6,2,-101.9014,221,0.5058823529411764,0.47058823529411764,0.047058823529411764,0.4235294117647059,0.0,-49.87046470588235,1.0,13.5,,,
86,764771,collision,static,longue_2,-6.6,6.23,-2.78,6.8,3.86,5,1,-69.744,152,0.5,0.47674418604651164,0.046511627906976744,0.43023255813953487,0.0,-50.1015523255814,,13.52,,,
87,765032,success,,longue_2,-5.86,6.97,-0.89,5.85,5.09,7,6,-38.6946,261,0.5057471264367817,0.47126436781609193,0.04597701149425287,0.42528735632183906,0.0,-49.97043793103448,1.0,13.57,,,
88,765223,collision,pedestrian,longue_1,-4.91,-5.5,-4.38,0.72,6.24,8,5,-72.3467,191,0.5,0.4772727272727273,0.056818181818181816,0.42045454545454547,0.0,-50.22471363636364,0.9707,13.59,,,
89,765367,collision,static,longue_1,-5.25,-6.75,-0.39,-4.96,5.18,7,4,-66.8295,144,0.4943820224719101,0.48314606741573035,0.056179775280898875,0.42696629213483145,0.0,-50.41128426966292,0.9891,13.61,,,
90,765515,collision,static,petite_1,5.29,-5.5,4.0,-1.15,4.54,7,3,-85.895,148,0.4888888888888889,0.4888888888888889,0.05555555555555555,0.43333333333333335,0.0,-50.80554777777778,0.9999,13.63,,,
91,765661,collision,static,longue_2,-6.74,6.33,-1.85,6.34,4.89,6,2,-67.093,146,0.4835164835164835,0.4945054945054945,0.054945054945054944,0.43956043956043955,0.0,-50.98453076923077,,13.65,,,
92,765728,collision,static,corridor,-5.62,1.14,-0.2,-0.87,5.78,7,1,-51.5143,67,0.4782608695652174,0.5,0.05434782608695652,0.44565217391304346,0.0,-50.99028913043478,0.9791,13.65,,,
93,765929,success,,petite_1,4.97,-6.34,0.15,-6.29,4.82,6,5,-36.3831,201,0.4838709677419355,0.4946236559139785,0.053763440860215055,0.44086021505376344,0.0,-50.83322258064516,1.0,13.68,,,
94,766186,collision,pedestrian,longue_2,-6.95,5.5,-3.53,1.3,5.42,7,6,-140.2739,257,0.4787234042553192,0.5,0.06382978723404255,0.43617021276595747,0.0,-51.78471914893617,1.0,13.71,,,
95,766330,collision,static,petite_1,4.57,-4.73,3.23,-1.78,3.24,7,2,-93.1328,144,0.47368421052631576,0.5052631578947369,0.06315789473684211,0.4421052631578947,0.0,-52.21996210526316,0.9998,13.73,,,
96,766616,success,,petite_2,4.56,5.5,-0.22,6.28,4.84,6,5,-66.4102,286,0.4791666666666667,0.5,0.0625,0.4375,0.0,-52.36777708333333,1.0,13.76,,,
97,766894,collision,static,petite_2,4.87,5.5,6.71,6.73,2.21,4,1,-138.8173,278,0.4742268041237113,0.5051546391752577,0.061855670103092786,0.44329896907216493,0.0,-53.25900927835051,1.0,13.79,,,
98,767079,collision,static,longue_1,-4.19,-5.5,0.53,-5.37,4.72,6,3,-79.8235,185,0.46938775510204084,0.5102040816326531,0.061224489795918366,0.4489795918367347,0.0,-53.530075510204085,1.0,13.81,,,
99,767115,collision,static,longue_2,-6.46,6.54,3.92,0.13,12.2,15,2,-33.6759,36,0.46464646464646464,0.5151515151515151,0.06060606060606061,0.45454545454545453,0.0,-53.329528282828285,,13.82,,,
100,767380,collision,pedestrian,longue_1,-4.17,-4.83,-4.21,0.87,5.71,8,5,-109.5949,265,0.46,0.52,0.07,0.45,0.0,-53.892182000000005,0.9789,13.85,,,
101,767521,collision,static,longue_2,-6.78,6.66,-3.07,5.46,3.9,5,2,-65.348,141,0.45,0.53,0.07,0.46,0.0,-54.323745,,13.87,,,
102,767990,success,,petite_2,5.22,5.5,-1.39,1.56,7.69,12,11,-104.446,469,0.45,0.53,0.07,0.46,0.0,-55.000987,1.0,13.92,,,
103,768296,collision,static,longue_1,-4.45,-4.24,-5.23,-1.0,3.33,6,4,-136.0262,306,0.44,0.54,0.07,0.47,0.0,-56.267411,0.9996,13.95,,,
104,768368,collision,static,longue_2,-6.62,6.3,-4.46,1.83,4.96,7,3,-40.1357,72,0.43,0.55,0.07,0.48,0.0,-56.77015900000001,1.0,13.96,,,
105,768672,collision,pedestrian,corridor,0.02,0.1,4.44,6.17,7.51,12,5,-109.9144,304,0.43,0.55,0.08,0.47,0.0,-57.376559,0.9839,13.98,,,
106,768769,collision,static,longue_2,-6.65,6.21,-1.57,5.87,5.09,6,1,-61.6497,97,0.42,0.56,0.08,0.48,0.0,-57.883618999999996,,13.99,,,
107,769143,collision,static,corridor,3.46,0.54,1.47,1.59,2.25,4,2,-144.0025,374,0.41,0.57,0.08,0.49,0.0,-59.214328,1.0,14.03,,,
108,769593,collision,static,corridor,-6.03,-0.59,0.23,-4.72,7.51,10,3,-183.5017,450,0.41,0.57,0.08,0.49,0.0,-60.026593000000005,1.0,14.08,,,
109,769794,success,,longue_2,-6.69,6.54,-2.79,6.62,3.9,5,4,-31.16,201,0.42,0.56,0.08,0.48,0.0,-59.859224999999995,1.0,14.09,,,
110,769867,collision,static,longue_2,-5.94,6.97,-2.72,5.08,3.74,5,2,-42.4831,73,0.41,0.57,0.08,0.49,0.0,-60.293305000000004,1.0,14.1,,,
111,770102,success,,petite_1,4.89,-6.18,6.55,-3.02,3.57,5,4,-53.6028,235,0.42,0.56,0.08,0.48,0.0,-60.108121000000004,1.0,14.12,,,
112,770411,collision,static,corridor,1.81,1.04,-3.25,-6.35,8.96,15,8,-97.6079,309,0.41,0.57,0.08,0.49,0.0,-61.104492,0.9909,14.14,,,
113,770659,collision,static,petite_1,5.99,-6.16,4.12,-0.97,5.52,7,4,-149.5242,248,0.4,0.58,0.08,0.5,0.0,-62.697886,0.9999,14.16,,,
114,770753,collision,static,petite_1,5.5,-4.01,4.34,-6.69,2.92,4,1,-84.5835,94,0.4,0.58,0.08,0.5,0.0,-62.541757000000004,1.0,14.17,,,
115,770887,collision,static,longue_1,-4.87,-4.08,-2.72,-5.78,2.73,4,1,-100.8934,134,0.39,0.59,0.08,0.51,0.0,-63.677596,0.9999,14.18,,,
116,771113,collision,static,longue_1,-4.4,-4.24,-1.62,-5.42,3.01,4,1,-125.1805,226,0.39,0.59,0.08,0.51,0.0,-64.465278,1.0,14.19,,,
117,771263,success,,longue_2,-5.78,6.9,-2.85,6.45,2.96,4,3,-14.8432,150,0.4,0.58,0.08,0.5,0.0,-64.22136900000001,1.0,14.21,,,
118,771466,success,,longue_2,-6.99,6.34,-3.87,6.7,3.14,5,4,-36.4494,203,0.4,0.58,0.08,0.5,0.0,-63.24257299999999,1.0,14.22,,,
119,771649,collision,static,longue_2,-7.0,5.5,-2.94,6.14,4.11,6,1,-90.4789,183,0.39,0.59,0.08,0.51,0.0,-64.237877,1.0,14.23,,,
120,771838,success,,longue_1,-6.31,-4.36,-5.23,0.53,5.01,6,5,-18.153,189,0.39,0.59,0.08,0.51,0.0,-64.362846,1.0,14.24,,,
121,772060,success,,longue_2,-6.86,6.69,-3.0,6.54,3.87,5,4,-30.8245,222,0.4,0.58,0.08,0.5,0.0,-64.09872999999999,1.0,14.25,,,
122,772110,collision,static,longue_2,-6.6,6.39,-5.32,0.62,5.91,7,2,-34.9159,50,0.39,0.59,0.08,0.51,0.0,-64.61657699999999,,14.25,,,
123,772275,collision,static,longue_2,-6.7,6.21,-1.65,5.42,5.1,7,1,-79.2802,165,0.39,0.59,0.08,0.51,0.0,-65.06177799999999,,14.27,,,
124,772436,success,,longue_2,-6.81,6.88,-6.69,2.3,4.58,6,5,-12.0057,161,0.39,0.59,0.08,0.51,0.0,-65.280836,1.0,14.27,,,
125,772700,success,,petite_2,5.15,5.5,3.04,1.62,4.41,7,6,-71.3217,264,0.4,0.58,0.08,0.5,0.0,-65.031722,1.0,14.28,,,
126,772856,success,,longue_2,-4.64,6.98,-2.83,5.74,2.19,4,3,-16.0205,156,0.4,0.58,0.08,0.5,0.0,-65.09201,1.0,14.28,,,
127,772913,collision,static,longue_2,-6.51,6.56,-2.85,5.04,3.96,5,2,-41.2086,57,0.4,0.58,0.07,0.51,0.0,-64.769987,1.0,14.29,,,
128,773029,success,,longue_2,-4.02,6.81,-1.74,4.28,3.4,5,4,4.9429,116,0.4,0.58,0.07,0.51,0.0,-64.78447700000001,1.0,14.29,,,
129,773087,success,,longue_2,-4.28,6.97,-3.06,5.33,2.05,4,3,12.8731,58,0.4,0.58,0.07,0.51,0.0,-64.510913,1.0,14.29,,,
130,773388,collision,static,corridor,3.13,0.88,4.05,4.93,4.16,8,3,-147.0615,301,0.4,0.58,0.07,0.51,0.0,-65.33309600000001,0.9999,14.3,,,
131,773634,success,,longue_2,-6.82,6.38,-2.72,6.37,4.11,6,5,-49.9471,246,0.4,0.58,0.07,0.51,0.0,-65.440658,1.0,14.3,,,
132,773896,success,,longue_2,-5.73,6.92,-2.04,6.15,3.77,5,4,-51.4025,262,0.41,0.57,0.07,0.5,0.0,-65.25230499999999,1.0,14.31,,,
133,774041,collision,static,longue_2,-6.99,5.5,-3.24,6.29,3.83,5,1,-71.2969,145,0.4,0.58,0.07,0.51,0.0,-65.420817,1.0,14.31,,,
134,774085,collision,static,longue_2,-6.2,6.96,-4.38,0.57,6.64,8,2,-33.2765,44,0.39,0.59,0.07,0.52,0.0,-65.23925600000001,,14.31,,,
135,774220,success,,petite_1,5.13,-5.5,3.13,-5.46,2.0,4,3,-15.7785,135,0.39,0.59,0.07,0.52,0.0,-65.207531,1.0,14.32,,,
136,774374,collision,static,longue_2,-6.72,6.31,-4.82,1.67,5.01,7,4,-79.0876,154,0.39,0.59,0.07,0.52,0.0,-65.496392,0.9995,14.32,,,
137,774408,collision,static,longue_2,-6.1,6.81,-4.87,0.77,6.16,8,2,-31.5937,34,0.38,0.6,0.07,0.53,0.0,-65.879906,,14.32,,,
138,774560,success,,longue_2,-6.72,6.3,-6.0,1.74,4.61,6,5,-6.8351,152,0.38,0.6,0.07,0.53,0.0,-65.770719,1.0,14.32,,,
139,774627,collision,static,longue_2,-6.15,6.74,-2.67,5.56,3.68,5,1,-48.362,67,0.37,0.61,0.07,0.54,0.0,-65.958429,,14.32,,,
140,774850,collision,static,petite_1,4.72,-5.5,-1.95,0.68,9.09,13,3,-119.066,223,0.37,0.61,0.06,0.55,0.0,-66.472741,0.9998,14.34,,,
141,775139,collision,static,longue_2,-6.64,6.26,-2.84,6.44,3.81,5,1,-76.591,139,0.37,0.61,0.06,0.55,0.0,-66.847003,,13.13,,,
142,775235,success,,longue_2,-6.63,6.84,-6.77,4.23,2.62,4,3,3.2412,96,0.38,0.6,0.06,0.54,0.0,-66.434072,1.0,13.14,,,
143,775514,collision,static,longue_1,-5.01,-4.21,-4.04,-1.43,2.94,6,3,-165.6973,279,0.38,0.6,0.06,0.54,0.0,-67.756118,1.0,13.17,,,
144,775621,collision,static,petite_1,5.14,-4.5,4.85,-0.97,3.54,5,2,-76.0047,107,0.38,0.6,0.06,0.54,0.0,-68.185415,0.9999,13.17,,,
145,775826,success,,longue_2,-6.82,6.69,-3.64,6.6,3.19,5,4,-39.9111,205,0.38,0.6,0.06,0.54,0.0,-68.32611200000001,1.0,13.19,,,
146,775914,success,,longue_2,-6.07,6.97,-6.89,4.41,2.69,4,3,7.953,88,0.39,0.59,0.06,0.53,0.0,-67.92376999999999,1.0,13.2,,,
147,776003,collision,static,longue_2,-6.16,6.84,-2.88,4.78,3.87,5,1,-51.9677,89,0.38,0.6,0.06,0.54,0.0,-67.803376,,13.21,,,
148,776127,success,,petite_2,4.7,5.5,6.55,2.85,3.23,5,4,-11.8201,124,0.38,0.6,0.06,0.54,0.0,-67.961521,1.0,13.22,,,
1,1100235,success,,petite_2,5.12,5.5,5.37,1.51,4.0,6,5,-38.5484,235,0.38,0.6,0.06,0.54,0.0,-68.327692,1.0,1.49,1.058,0.741,
2,1100462,collision,static,petite_2,5.25,5.5,4.39,1.37,4.22,6,5,-86.2049,227,0.37,0.61,0.06,0.55,0.0,-69.17569900000001,0.9907,2.68,0.522,0.148,lidar
3,1100497,collision,static,longue_2,-6.65,4.26,-2.43,5.82,4.5,6,1,-35.277,35,0.37,0.61,0.06,0.55,0.0,-69.208607,1.0,2.85,3.839,0.507,ground_truth
4,1100571,success,,petite_2,5.04,5.5,3.22,6.76,2.21,4,3,8.6104,74,0.38,0.6,0.06,0.54,0.0,-68.155238,1.0,3.19,1.407,1.143,
5,1100633,success,,petite_1,4.73,-4.67,4.71,-6.76,2.09,4,3,14.2205,62,0.38,0.6,0.06,0.54,0.0,-66.732293,1.0,3.46,2.541,1.529,
6,1100733,collision,static,longue_2,-6.85,4.33,-3.29,5.64,3.8,6,2,-53.9227,100,0.38,0.6,0.06,0.54,0.0,-66.94244599999999,1.0,3.88,,0.605,ground_truth
7,1100946,collision,static,petite_2,5.18,5.5,3.54,1.32,4.49,7,5,-80.4106,213,0.38,0.61,0.06,0.55,0.0,-65.956622,0.9869,4.69,0.563,0.199,lidar
8,1101053,success,,corridor,3.35,-0.78,5.16,1.74,3.1,5,4,-0.3128,107,0.39,0.6,0.06,0.54,0.0,-65.269515,1.0,5.06,1.773,1.433,
9,1101197,success,,longue_2,-5.19,6.95,-2.65,4.37,3.62,5,4,-7.3424,144,0.4,0.59,0.06,0.53,0.0,-63.882838,1.0,5.53,1.842,1.323,
10,1101453,collision,pedestrian,petite_2,4.93,5.5,4.3,-1.25,6.78,9,5,-105.2891,256,0.4,0.59,0.07,0.52,0.0,-64.39358,0.9672,6.28,0.455,0.27,
11,1101695,collision,static,petite_2,5.13,6.23,4.67,1.28,4.97,7,6,-97.7148,242,0.4,0.59,0.07,0.52,0.0,-63.954837,0.9884,6.9,0.509,0.189,lidar
12,1101785,success,,petite_2,4.53,6.48,3.37,4.13,2.62,4,3,3.2295,90,0.4,0.59,0.07,0.52,0.0,-63.63838,1.0,7.11,1.401,1.347,
13,1101958,success,,longue_2,-6.69,6.71,-2.34,6.64,4.34,6,5,-9.9387,173,0.41,0.58,0.07,0.51,0.0,-63.068904999999994,1.0,7.5,1.402,1.004,
14,1102102,success,,corridor,-3.11,1.14,-6.64,-0.27,3.8,5,4,-8.8839,144,0.42,0.57,0.07,0.5,0.0,-62.17449,1.0,7.81,1.364,1.191,
15,1102211,collision,static,corridor,0.61,-0.01,5.05,1.7,4.76,6,4,-54.4638,109,0.42,0.57,0.07,0.5,0.0,-62.082889,0.9935,8.01,0.679,0.196,lidar
16,1102388,collision,static,petite_1,5.01,-5.5,6.57,-2.3,3.57,5,3,-98.6518,177,0.42,0.57,0.07,0.5,0.0,-62.672433999999996,0.9998,8.34,3.275,0.189,lidar
17,1102558,success,,corridor,2.18,-0.15,6.53,-1.95,4.71,6,5,-4.8068,170,0.43,0.56,0.07,0.49,0.0,-62.031890000000004,1.0,8.63,,1.42,
18,1102721,success,,longue_1,-5.31,-4.84,-0.88,-5.46,4.48,6,5,-8.3534,163,0.43,0.56,0.07,0.49,0.0,-62.103801000000004,1.0,8.89,0.629,0.428,
19,1102787,success,,petite_1,5.83,-6.45,4.01,-5.61,2.0,3,2,12.1189,66,0.44,0.55,0.07,0.48,0.0,-60.90688899999999,1.0,8.99,1.723,1.439,
20,1102978,success,,petite_1,4.89,-5.5,0.24,-5.91,4.66,6,5,-33.7322,191,0.45,0.54,0.07,0.47,0.0,-60.763628,1.0,9.27,2.076,1.291,
21,1103095,success,,longue_2,-6.85,5.5,-6.79,2.22,3.28,5,4,0.7507,117,0.45,0.54,0.07,0.47,0.0,-60.646617000000006,1.0,9.43,1.947,1.159,
22,1103180,success,,longue_1,-6.56,-4.42,-4.1,-4.26,2.46,4,3,8.4181,85,0.46,0.53,0.07,0.46,0.0,-58.953253999999994,1.0,9.54,2.451,0.905,
23,1103279,success,,corridor,-5.96,-1.24,-6.58,1.48,2.79,4,3,5.8438,99,0.46,0.53,0.07,0.46,0.0,-58.259085,1.0,9.68,1.284,0.828,
24,1103513,collision,static,petite_2,5.34,5.5,4.32,0.67,4.94,7,4,-107.395,234,0.45,0.54,0.07,0.47,0.0,-59.470912000000006,1.0,9.96,0.539,0.198,lidar
25,1104113,timeout,,longue_1,-4.3,-4.08,-0.64,-1.66,4.4,9,5,-140.5646,600,0.44,0.54,0.07,0.47,0.0,-60.903287,1.0,10.63,1.168,0.888,
26,1104335,collision,static,corridor,1.12,-0.16,-6.79,-5.0,9.27,11,5,-101.3595,222,0.43,0.55,0.07,0.48,0.0,-61.874343999999994,0.9997,10.84,1.408,0.197,lidar
27,1104435,success,,longue_1,-4.07,-6.34,-6.58,-5.06,2.82,4,3,4.5225,100,0.44,0.54,0.06,0.48,0.0,-60.6586,1.0,10.93,3.493,1.292,
28,1104583,success,,corridor,4.56,1.24,6.55,-2.22,3.99,5,4,-6.4128,148,0.44,0.54,0.06,0.48,0.0,-60.663701999999994,1.0,11.06,,1.414,
29,1104938,success,,corridor,-5.48,-0.19,3.95,0.59,9.47,11,10,-37.8069,355,0.44,0.54,0.06,0.48,0.0,-60.147221,1.0,11.35,1.175,1.059,
30,1105156,success,,petite_2,5.37,4.57,4.56,0.08,4.56,6,5,-25.1006,218,0.45,0.53,0.06,0.47,0.0,-59.614777999999994,1.0,11.52,1.129,1.05,
31,1105230,success,,longue_1,-4.76,-6.61,-4.82,-4.45,2.16,4,3,12.3914,74,0.45,0.53,0.06,0.47,0.0,-58.646188,1.0,11.57,3.203,1.764,
32,1105322,success,,petite_2,5.31,5.5,3.24,6.1,2.15,4,3,-0.2135,92,0.45,0.53,0.06,0.47,0.0,-58.318400000000004,1.0,11.63,0.91,0.604,
33,1105461,success,,longue_2,-5.58,6.96,-2.22,5.33,3.74,5,4,-2.8825,139,0.46,0.52,0.05,0.47,0.0,-57.212088,1.0,11.72,1.145,0.745,
34,1105650,success,,longue_2,-6.92,6.88,-2.74,6.85,4.18,6,5,-32.0653,189,0.47,0.51,0.05,0.46,0.0,-56.333921000000004,1.0,11.85,2.323,0.682,
35,1105764,success,,longue_1,-4.17,-4.8,-1.15,-5.84,3.2,5,4,-11.7326,114,0.48,0.51,0.05,0.46,0.0,-54.358692,1.0,11.92,0.919,0.704,
36,1105938,success,,longue_2,-6.93,5.5,-3.35,5.75,3.59,5,4,-22.0472,174,0.48,0.51,0.05,0.46,0.0,-54.157084000000005,1.0,12.02,1.956,0.692,
37,1106060,success,,longue_2,-6.23,6.91,-3.45,6.27,2.85,4,3,-6.393,122,0.49,0.5,0.05,0.45,0.0,-53.202000000000005,1.0,12.1,2.004,1.188,
38,1106217,success,,longue_1,-4.84,-6.82,-1.22,-4.53,4.28,6,5,-2.3024,157,0.5,0.49,0.05,0.44,0.0,-52.527584,1.0,12.19,1.434,1.305,
39,1106549,success,,petite_1,5.01,-4.74,4.28,0.4,5.19,7,6,-124.5228,332,0.5,0.49,0.05,0.44,0.0,-53.38586599999999,0.8901,12.36,1.731,1.514,
40,1106649,success,,petite_2,6.0,6.19,3.26,5.39,2.85,4,3,-1.8556,100,0.51,0.48,0.04,0.44,0.0,-52.680955,1.0,12.41,0.996,0.663,
41,1106728,success,,longue_2,-6.89,5.5,-6.72,3.34,2.17,4,3,8.3038,79,0.52,0.47,0.04,0.43,0.0,-51.929622,1.0,12.45,3.164,1.149,
42,1106867,success,,longue_2,-4.81,6.85,-1.8,4.77,3.66,5,4,-10.7701,139,0.53,0.46,0.04,0.42,0.0,-51.17837299999999,0.9898,12.52,0.569,0.344,
43,1107139,collision,static,corridor,-0.29,0.57,-4.81,-6.29,8.22,12,6,-160.4573,272,0.53,0.46,0.04,0.42,0.0,-52.112016,0.9846,12.65,0.561,0.199,lidar
44,1107315,collision,static,longue_2,-6.73,4.07,-5.49,0.81,3.49,5,3,-108.0746,176,0.53,0.46,0.04,0.42,0.0,-52.67761899999999,1.0,12.73,0.478,0.186,lidar
45,1107709,success,,longue_1,-4.62,-4.74,-3.69,0.82,5.63,8,7,-82.1238,394,0.53,0.46,0.04,0.42,0.0,-53.135025999999996,1.0,12.91,0.858,0.73,
46,1107919,collision,static,longue_2,-6.68,4.71,-5.52,-1.1,5.93,7,4,-147.4764,210,0.53,0.46,0.03,0.43,0.0,-53.207051,0.9997,12.99,0.492,0.197,lidar
47,1108195,success,,longue_2,-6.79,5.5,-5.98,1.35,4.23,6,5,-86.6912,276,0.54,0.45,0.03,0.42,0.0,-53.142635,1.0,13.11,0.798,0.455,
48,1108349,success,,corridor,4.67,0.27,0.32,0.76,4.37,6,5,-0.1165,154,0.54,0.45,0.03,0.42,0.0,-52.479698,1.0,13.16,2.079,1.325,
49,1108801,collision,static,petite_2,5.5,4.08,1.92,1.75,4.27,7,4,-182.6829,452,0.54,0.45,0.03,0.42,0.0,-52.918354,0.9954,13.32,0.562,0.192,lidar
50,1108898,collision,static,longue_2,-6.96,5.5,-2.99,6.03,4.01,6,2,-59.1766,97,0.54,0.45,0.03,0.42,0.0,-52.711885,1.0,13.35,3.988,0.415,ground_truth
51,1109006,success,,longue_1,-4.17,-4.15,-6.84,-5.2,2.86,4,3,0.1199,108,0.55,0.44,0.03,0.41,0.0,-52.373926999999995,1.0,13.39,3.531,1.357,
52,1109407,success,,petite_1,4.97,-4.83,6.23,-1.54,3.53,5,4,-148.5764,401,0.56,0.43,0.02,0.41,0.0,-52.763742,0.9277,13.51,,1.247,
53,1109535,collision,static,petite_1,4.95,-4.4,6.49,-0.8,3.92,5,2,-96.9272,128,0.56,0.43,0.02,0.41,0.0,-53.079533999999995,0.9997,13.54,2.938,0.194,lidar
54,1109632,collision,static,corridor,-2.71,1.47,-6.4,1.4,3.69,5,3,-71.9247,97,0.55,0.44,0.02,0.42,0.0,-52.754321,1.0,13.57,0.573,0.198,lidar
55,1109721,success,,longue_1,-6.01,-4.81,-3.9,-6.36,2.62,4,3,6.8205,89,0.56,0.43,0.02,0.41,0.0,-51.325854,1.0,13.6,2.619,1.833,
56,1109937,success,,longue_1,-5.71,-4.55,-5.78,-1.24,3.31,5,4,-36.1383,216,0.57,0.42,0.02,0.4,0.0,-51.28588,1.0,13.66,2.327,1.621,
57,1109995,collision,static,longue_2,-5.33,6.79,-6.67,3.23,3.81,5,2,-46.2448,58,0.57,0.42,0.01,0.41,0.0,-50.649184000000005,1.0,13.67,,0.473,ground_truth
58,1110227,success,,petite_1,6.19,-6.36,6.63,-3.14,3.25,5,4,-56.977,232,0.58,0.41,0.01,0.4,0.0,-50.602457,1.0,13.74,,0.755,
59,1110536,success,,petite_2,4.73,5.5,5.2,1.61,3.92,6,5,-57.7644,309,0.59,0.4,0.01,0.39,0.0,-49.740076,1.0,13.82,0.736,0.435,
60,1110831,success,,longue_1,-4.55,-4.85,-4.79,0.63,5.49,8,7,-42.2269,295,0.6,0.39,0.01,0.38,0.0,-48.327327999999994,1.0,13.9,1.432,1.256,
61,1111394,success,,petite_1,6.24,-6.23,2.18,-0.03,7.4,10,9,-188.9909,563,0.6,0.39,0.01,0.38,0.0,-49.905637,0.9925,14.04,1.534,2.401,
62,1111462,success,,petite_1,4.65,-5.5,6.27,-6.67,2.01,3,2,12.1373,68,0.61,0.38,0.01,0.37,0.0,-49.359432999999996,1.0,14.05,3.315,1.247,
63,1111646,success,,longue_1,-6.74,-4.84,-5.49,-1.57,3.5,5,4,-14.1586,184,0.61,0.38,0.01,0.37,0.0,-48.964991,1.0,14.09,1.844,1.303,
64,1111988,success,,petite_1,6.01,-6.16,6.62,-1.53,4.67,6,5,-78.7807,342,0.62,0.37,0.01,0.36,0.0,-48.776719,1.0,14.17,3.844,1.418,
65,1112373,collision,static,petite_1,5.67,-6.2,4.32,-1.6,4.8,7,4,-174.2683,385,0.62,0.37,0.01,0.36,0.0,-49.02416,0.9836,14.25,3.524,0.199,lidar
66,1112477,success,,longue_2,-6.9,5.5,-6.84,2.78,2.72,4,3,1.8149,104,0.63,0.36,0.01,0.35,0.0,-48.16017599999999,1.0,14.27,2.656,1.149,
67,1112635,collision,pedestrian,corridor,-1.0,0.11,5.95,-6.26,9.43,12,5,-70.008,158,0.63,0.36,0.02,0.34,0.0,-47.851322,1.0,14.3,0.46,1.365,
68,1112901,collision,static,petite_1,4.91,-5.5,-2.47,-4.45,7.46,9,7,-105.4349,266,0.63,0.36,0.02,0.34,0.0,-47.653866,1.0,14.35,0.507,0.184,lidar
69,1113042,success,,longue_1,-4.93,-6.47,-6.73,-3.32,3.63,5,4,-8.4931,141,0.63,0.36,0.02,0.34,0.0,-47.590365,1.0,14.37,2.622,1.045,
70,1113122,collision,static,longue_1,-4.24,-6.35,-0.66,-6.09,3.59,5,3,-46.0771,80,0.62,0.37,0.02,0.35,0.0,-47.686642,1.0,14.39,0.718,0.195,lidar
71,1113264,success,,corridor,2.71,-0.58,-0.78,0.63,3.69,5,4,0.503,142,0.63,0.36,0.02,0.34,0.0,-46.77682300000001,1.0,14.41,3.62,1.545,
72,1113345,success,,petite_1,5.72,-6.32,3.64,-5.3,2.32,4,3,2.7987,81,0.63,0.36,0.02,0.34,0.0,-46.567306,1.0,14.42,1.427,1.171,
73,1113488,collision,static,petite_1,4.53,-5.5,3.77,-0.92,4.64,7,3,-79.5294,143,0.62,0.37,0.02,0.35,0.0,-47.05435500000001,1.0,14.44,3.329,0.196,lidar
74,1113783,success,,petite_1,4.59,-5.5,5.53,-1.1,4.5,6,5,-95.1786,295,0.63,0.36,0.02,0.34,0.0,-47.656982000000006,1.0,14.49,3.118,1.5,
75,1114097,success,,petite_2,5.29,4.75,3.76,1.89,3.24,6,5,-124.519,314,0.64,0.35,0.02,0.33,0.0,-48.10937,1.0,14.54,0.694,0.369,
76,1114160,success,,petite_1,5.0,-5.5,3.3,-4.42,2.01,3,2,10.2238,63,0.64,0.35,0.02,0.33,0.0,-47.887074999999996,1.0,14.55,1.145,0.842,
77,1114339,success,,longue_2,-5.69,6.76,-1.22,6.39,4.48,6,5,-12.3303,179,0.64,0.35,0.02,0.33,0.0,-47.297161,1.0,14.57,2.22,1.225,
78,1114665,success,,petite_1,5.32,-4.6,4.75,-0.72,3.92,6,5,-135.373,326,0.64,0.35,0.02,0.33,0.0,-48.490686,0.9237,14.62,2.242,1.771,
79,1114743,success,,longue_2,-4.74,6.81,-2.64,6.27,2.16,4,3,4.7328,78,0.65,0.34,0.02,0.32,0.0,-48.031272,1.0,14.63,1.901,1.246,
80,1115069,success,,longue_1,-4.5,-4.31,-6.02,-0.38,4.22,6,5,-59.4529,326,0.65,0.34,0.02,0.32,0.0,-48.67522999999999,1.0,14.68,1.57,1.399,
81,1115194,collision,static,corridor,-6.48,-0.53,-6.62,-4.75,4.23,6,2,-155.1237,125,0.64,0.35,0.02,0.33,0.0,-50.355198,0.9999,14.7,0.622,0.196,lidar
82,1115327,success,,corridor,0.02,0.08,3.7,0.63,3.72,5,4,-5.8807,133,0.65,0.34,0.02,0.32,0.0,-48.94339,1.0,14.72,1.033,1.012,
83,1115563,collision,static,petite_2,4.84,5.5,5.64,-1.11,6.66,8,5,-102.6901,236,0.64,0.35,0.02,0.33,0.0,-49.47082,1.0,14.75,0.558,0.189,lidar
84,1116163,timeout,,corridor,4.03,-0.76,-3.02,-5.51,8.5,14,7,-148.3856,600,0.63,0.35,0.02,0.33,0.0,-50.440650999999995,1.0,14.83,0.579,0.294,
85,1116481,success,,longue_1,-5.56,-5.5,-5.26,0.78,6.29,8,7,-53.6516,318,0.64,0.34,0.02,0.32,0.0,-50.26419799999999,1.0,14.87,0.701,0.601,
86,1116665,success,,petite_1,5.31,-5.5,6.68,-2.88,2.96,4,3,-11.7988,184,0.65,0.33,0.02,0.31,0.0,-50.049421,1.0,14.9,,0.905,
87,1116811,success,,corridor,-5.6,-1.16,-2.82,1.58,3.91,5,4,-0.8387,146,0.65,0.33,0.02,0.31,0.0,-49.900023000000004,1.0,14.91,2.768,1.522,
88,1117030,success,,longue_1,-5.65,-4.41,-5.95,0.79,5.21,7,6,-27.4069,219,0.66,0.32,0.02,0.3,0.0,-49.38321599999999,1.0,14.94,1.017,0.869,
89,1117100,success,,petite_2,5.17,4.03,4.63,6.25,2.28,4,3,11.6588,70,0.67,0.31,0.02,0.29,0.0,-48.950691000000006,1.0,14.95,1.863,1.575,
90,1117421,success,,petite_2,5.21,5.5,4.18,1.34,4.29,6,5,-54.835,321,0.67,0.31,0.02,0.29,0.0,-49.430690000000006,1.0,14.98,1.133,0.851,
91,1117496,success,,petite_2,4.72,6.45,6.84,6.82,2.15,4,3,9.824,75,0.68,0.3,0.02,0.28,0.0,-48.84883,1.0,14.99,3.723,1.131,
92,1117586,collision,static,petite_1,5.26,-4.6,3.83,-0.02,4.8,7,2,-61.0225,90,0.68,0.3,0.02,0.28,0.0,-48.268395,1.0,14.99,2.894,0.193,lidar
93,1117679,success,,corridor,-1.68,1.23,-0.44,-1.27,2.79,4,3,8.4254,93,0.69,0.29,0.02,0.27,0.0,-47.418231,1.0,15.0,2.65,1.446,
94,1117843,collision,static,corridor,4.77,-0.45,3.47,5.54,6.12,9,4,-65.3834,164,0.68,0.3,0.02,0.28,0.0,-48.104477,1.0,15.02,2.436,0.186,lidar
95,1118120,collision,static,petite_2,4.73,5.5,4.68,1.19,4.31,6,5,-102.7879,277,0.68,0.3,0.02,0.28,0.0,-47.475383,1.0,15.04,0.562,0.2,lidar
96,1118202,collision,static,longue_2,-6.64,4.46,-5.34,1.03,3.67,5,2,-60.9134,82,0.68,0.3,0.02,0.28,0.0,-47.32447,0.9995,15.05,2.158,0.2,lidar
97,1118301,success,,corridor,-3.64,-0.29,-6.35,0.55,2.83,4,3,6.0589,99,0.68,0.3,0.02,0.28,0.0,-46.86477,1.0,15.06,1.154,0.834,
98,1118400,success,,longue_2,-6.41,6.53,-3.7,6.67,2.72,4,3,2.1818,99,0.68,0.3,0.02,0.28,0.0,-46.922482,1.0,15.07,2.512,1.045,
99,1118553,success,,longue_2,-6.02,6.76,-2.09,6.03,4.0,5,4,-7.4058,153,0.69,0.29,0.02,0.27,0.0,-46.476863,1.0,15.08,1.475,1.309,
100,1118839,collision,pedestrian,corridor,-0.07,-0.76,-4.0,-6.5,6.95,12,6,-167.6535,286,0.68,0.3,0.03,0.27,0.0,-48.035197,1.0,15.1,0.457,0.424,
101,1118928,success,,petite_1,5.41,-4.4,3.65,-6.43,2.68,4,3,7.4188,89,0.68,0.3,0.03,0.27,0.0,-47.575525000000006,1.0,15.11,2.304,1.662,
102,1119000,success,,petite_2,5.04,5.5,3.27,6.75,2.16,4,3,5.494,72,0.69,0.29,0.03,0.26,0.0,-46.658536,1.0,15.11,1.335,1.053,
103,1119067,success,,petite_1,4.92,-6.45,4.65,-4.29,2.18,4,3,14.2845,67,0.7,0.28,0.03,0.25,0.0,-46.162921,1.0,15.12,1.968,1.567,
104,1119514,success,,petite_2,4.64,4.06,2.47,0.37,4.29,7,6,-99.5226,447,0.7,0.28,0.03,0.25,0.0,-47.244251000000006,1.0,15.16,1.549,1.219,
105,1119622,success,,longue_2,-5.2,6.88,-2.45,5.6,3.04,5,4,5.1174,108,0.7,0.28,0.03,0.25,0.0,-47.335282,1.0,15.17,1.152,0.635,
106,1119786,success,,longue_1,-4.45,-6.23,-0.34,-4.49,4.47,6,5,-3.7308,164,0.71,0.27,0.03,0.24,0.0,-46.833363000000006,1.0,15.18,1.305,1.125,
107,1120110,success,,corridor,3.44,0.03,-5.3,-0.94,8.79,10,9,-21.2212,324,0.72,0.26,0.03,0.23,0.0,-46.24146900000001,1.0,15.21,0.89,0.637,
108,1120261,collision,pedestrian,longue_1,-5.02,-4.34,-0.71,-6.44,4.79,6,5,-64.089,151,0.71,0.27,0.04,0.23,0.0,-46.879231,0.9861,15.22,0.452,0.26,
109,1120339,success,,longue_2,-6.54,6.57,-4.35,6.62,2.18,4,3,8.8319,78,0.71,0.27,0.04,0.23,0.0,-46.717488,1.0,15.22,3.243,1.132,
110,1120485,success,,longue_2,-6.87,5.5,-3.54,5.94,3.36,5,4,-10.917,146,0.72,0.26,0.03,0.23,0.0,-45.773767,1.0,15.23,2.282,0.852,
111,1120666,success,,petite_2,5.28,6.16,0.42,5.7,4.89,6,5,-34.2424,181,0.73,0.25,0.03,0.22,0.0,-45.139043,1.0,15.25,2.211,1.301,
112,1120774,success,,petite_2,4.5,5.5,6.74,6.75,2.57,4,3,-1.1335,108,0.73,0.25,0.03,0.22,0.0,-45.182672999999994,1.0,15.26,3.712,1.263,
113,1120845,success,,longue_1,-4.06,-6.34,-2.37,-5.15,2.06,3,2,7.9367,71,0.73,0.25,0.03,0.22,0.0,-45.003919,1.0,15.26,1.547,1.284,
114,1121103,success,,longue_1,-5.25,-5.5,-5.02,-1.14,4.37,6,5,-47.7308,258,0.73,0.25,0.03,0.22,0.0,-45.392388000000004,1.0,15.29,1.303,0.886,
115,1121196,collision,static,longue_1,-6.72,-4.44,-4.88,1.26,5.99,7,3,-54.4626,93,0.73,0.25,0.03,0.22,0.0,-45.392376000000006,1.0,15.29,0.553,0.188,lidar
116,1121300,success,,petite_2,5.57,4.05,4.32,6.66,2.89,4,3,7.6544,104,0.74,0.24,0.03,0.21,0.0,-44.329314000000004,1.0,15.3,2.068,1.642,
117,1121375,success,,petite_1,5.25,-5.5,3.19,-6.05,2.13,4,3,7.5104,75,0.74,0.24,0.03,0.21,0.0,-44.206142,1.0,15.3,1.866,1.507,
118,1121546,success,,longue_2,-6.6,6.8,-3.4,4.8,3.77,5,4,-14.7961,171,0.74,0.24,0.03,0.21,0.0,-44.270569,1.0,15.31,1.646,0.912,
119,1121642,collision,static,petite_1,4.66,-4.23,6.87,-0.6,4.25,6,2,-74.676,96,0.73,0.25,0.03,0.22,0.0,-45.138518000000005,1.0,15.32,2.941,0.17,lidar
120,1121848,success,,petite_2,4.59,4.09,6.04,6.21,2.57,4,3,-39.5978,206,0.73,0.25,0.03,0.22,0.0,-45.197174000000004,1.0,15.33,3.225,0.903,
121,1121990,collision,static,corridor,-4.03,-1.06,-6.8,-4.03,4.05,5,3,-112.2884,142,0.72,0.26,0.03,0.23,0.0,-46.32756499999999,0.995,15.34,1.415,0.197,lidar
122,1122090,collision,static,longue_2,-6.96,4.65,-4.94,1.45,3.78,5,3,-59.9448,100,0.71,0.27,0.03,0.24,0.0,-47.011194,1.0,15.35,1.939,0.193,lidar
123,1122180,collision,static,longue_2,-6.6,4.03,-5.29,1.08,3.23,5,2,-63.0582,90,0.7,0.28,0.03,0.25,0.0,-47.700214,1.0,15.35,2.108,0.199,lidar
124,1122225,collision,static,longue_2,-6.54,4.15,-3.39,6.52,3.95,6,2,-38.8643,45,0.7,0.28,0.03,0.25,0.0,-47.014906999999994,1.0,15.35,3.917,0.606,ground_truth
125,1122307,success,,longue_1,-4.07,-5.5,-1.79,-5.17,2.3,4,3,5.9054,82,0.71,0.28,0.03,0.25,0.0,-45.550207,1.0,15.36,1.513,1.408,
126,1122387,success,,petite_2,5.24,6.26,3.3,5.03,2.3,4,3,7.3772,80,0.72,0.27,0.03,0.24,0.0,-44.46284000000001,1.0,15.36,1.05,0.751,
127,1122619,success,,longue_1,-4.16,-4.29,-6.37,-1.68,3.43,5,4,-29.8719,232,0.72,0.27,0.03,0.24,0.0,-44.80678400000001,1.0,15.38,2.661,1.321,
128,1122756,success,,petite_2,4.94,5.5,6.61,2.69,3.27,5,4,-9.883,137,0.72,0.27,0.03,0.24,0.0,-44.841486,1.0,15.39,4.0,0.84,
129,1122949,collision,static,petite_1,5.09,-5.5,5.49,-1.76,3.76,5,3,-107.8255,193,0.71,0.28,0.03,0.25,0.0,-45.541672,0.9697,15.4,3.249,0.197,lidar
130,1123056,success,,longue_1,-6.41,-4.59,-3.48,-6.08,3.29,5,4,10.0503,107,0.71,0.28,0.03,0.25,0.0,-45.190163000000005,1.0,15.4,2.311,1.811,
131,1123114,collision,static,longue_2,-4.09,6.85,-5.3,0.54,6.42,9,2,-46.4081,58,0.7,0.29,0.03,0.26,0.0,-45.77815799999999,1.0,15.4,3.337,0.506,ground_truth
132,1123610,success,,corridor,-0.47,0.47,-4.0,6.5,6.99,12,11,-85.0909,496,0.7,0.29,0.03,0.26,0.0,-46.626932,1.0,15.44,2.749,1.09,
133,1123709,success,,longue_2,-5.77,6.62,-3.11,5.9,2.75,4,3,1.2488,99,0.7,0.29,0.03,0.26,0.0,-46.585618999999994,1.0,15.44,1.727,0.938,
134,1123784,success,,longue_1,-5.16,-4.34,-3.56,-5.77,2.15,4,3,8.3574,75,0.7,0.29,0.03,0.26,0.0,-46.181391999999995,1.0,15.45,2.073,1.568,
135,1123905,success,,petite_2,5.02,5.5,6.53,2.43,3.43,5,4,0.6356,121,0.7,0.29,0.03,0.26,0.0,-46.05771,1.0,15.45,3.956,0.843,
136,1123919,collision,static,corridor,4.53,1.33,6.8,3.21,2.95,4,1,-36.5429,14,0.69,0.3,0.03,0.27,0.0,-46.202667,1.0,15.45,0.685,0.198,lidar
137,1124103,success,,corridor,-6.49,-0.78,-2.47,1.83,4.8,6,5,-13.3682,184,0.69,0.3,0.03,0.27,0.0,-46.272419,1.0,15.46,3.199,1.23,
138,1124191,collision,static,longue_1,-6.21,-4.16,-3.9,0.64,5.33,7,3,-54.5022,88,0.68,0.31,0.03,0.28,0.0,-46.794417,0.9998,15.47,0.491,0.192,lidar
139,1124379,success,,petite_1,4.81,-6.18,0.79,-6.65,4.06,6,5,-39.9462,188,0.68,0.31,0.03,0.28,0.0,-45.948651,1.0,15.48,1.572,0.766,
140,1124510,success,,longue_1,-5.19,-5.5,-1.54,-5.28,3.65,5,4,0.346,131,0.68,0.31,0.03,0.28,0.0,-45.926635000000005,1.0,15.48,1.162,1.051,
141,1124626,success,,longue_1,-4.5,-5.5,-1.56,-4.1,3.26,5,4,3.4484,116,0.68,0.31,0.03,0.28,0.0,-45.975189,1.0,15.49,1.961,1.293,
142,1124707,collision,pedestrian,petite_2,4.74,5.5,0.69,6.11,4.1,6,2,-61.3141,81,0.67,0.32,0.04,0.28,0.0,-46.48062900000001,0.9654,15.49,0.459,0.202,
143,1124805,success,,petite_2,5.11,5.5,3.23,6.67,2.21,4,3,0.528,98,0.68,0.31,0.04,0.27,0.0,-44.870776000000006,1.0,15.5,1.605,1.354,
144,1124926,collision,static,petite_2,4.63,5.5,0.72,5.47,3.91,5,2,-113.133,121,0.68,0.31,0.04,0.27,0.0,-44.92136000000001,0.9766,15.5,0.483,0.195,lidar
145,1125202,success,,petite_2,4.99,5.5,5.13,1.59,3.91,6,5,-24.915,202,0.68,0.31,0.04,0.27,0.0,-44.349272,1.0,14.16,1.589,1.077,
146,1125269,success,,petite_2,6.22,6.4,4.2,6.73,2.05,3,2,11.6673,67,0.69,0.3,0.04,0.26,0.0,-42.75783499999999,1.0,14.16,1.967,1.324,
147,1125396,success,,longue_2,-6.91,4.76,-6.55,1.48,3.3,5,4,-3.0519,127,0.69,0.3,0.04,0.26,0.0,-41.921442000000006,1.0,14.17,1.097,0.843,
148,1125710,success,,petite_1,4.59,-5.5,4.79,-1.16,4.35,6,5,-90.6126,314,0.69,0.3,0.04,0.26,0.0,-42.826403,1.0,14.2,2.572,1.335,
149,1125853,success,,corridor,-0.75,-1.34,2.17,1.54,4.11,6,5,2.3313,143,0.7,0.29,0.04,0.25,0.0,-40.976260999999994,1.0,14.21,1.224,0.65,
150,1126049,success,,petite_1,5.06,-5.5,0.77,-4.22,4.47,6,5,-27.1889,196,0.71,0.28,0.04,0.24,0.0,-40.656384,1.0,14.23,2.262,1.045,
151,1126249,success,,longue_1,-5.3,-4.41,-0.15,-5.45,5.26,7,6,-32.5628,200,0.71,0.28,0.04,0.24,0.0,-40.983211000000004,1.0,14.25,1.251,1.154,
152,1126485,collision,pedestrian,petite_2,5.21,4.62,3.46,0.4,4.56,7,5,-109.2326,236,0.7,0.29,0.05,0.24,0.0,-40.589773,0.9538,14.27,0.456,0.337,
153,1126578,success,,corridor,2.15,0.21,4.87,-0.05,2.73,4,3,6.3796,93,0.71,0.28,0.05,0.23,0.0,-39.556705,1.0,14.28,1.687,1.353,
154,1126697,collision,static,corridor,-3.86,-0.14,0.26,-4.71,6.16,12,2,-58.7688,119,0.71,0.28,0.05,0.23,0.0,-39.425146,0.9941,14.29,0.544,0.166,lidar
155,1127297,timeout,,corridor,0.82,-0.6,0.48,-5.29,4.7,13,12,-149.0858,600,0.7,0.28,0.05,0.23,0.0,-40.984209,1.0,14.33,1.928,1.171,
156,1127371,collision,static,longue_2,-4.08,6.63,-2.12,5.22,2.42,4,3,-46.3343,74,0.69,0.29,0.05,0.24,0.0,-41.086169,1.0,14.34,0.731,0.174,lidar
157,1127471,success,,longue_1,-6.73,-4.04,-5.25,-6.46,2.84,4,3,0.3219,100,0.7,0.28,0.05,0.23,0.0,-40.620502,1.0,14.34,3.865,1.123,
158,1127555,success,,petite_2,4.99,5.5,6.57,3.55,2.51,4,3,9.2843,84,0.7,0.28,0.05,0.23,0.0,-39.957889,1.0,14.35,3.802,0.816,
159,1127752,collision,static,corridor,3.01,-0.42,4.22,6.84,7.36,10,5,-83.6618,197,0.69,0.29,0.05,0.24,0.0,-40.216863,0.9999,14.37,1.672,0.193,lidar
160,1128210,success,,petite_2,5.14,5.5,4.51,1.61,3.94,6,5,-145.0514,458,0.69,0.29,0.05,0.24,0.0,-41.245108,1.0,14.4,1.045,0.696,
161,1128810,timeout,,longue_2,-6.56,6.68,-6.75,3.46,3.23,5,4,-112.856,600,0.68,0.29,0.05,0.24,0.0,-40.483759,1.0,14.45,2.258,0.61,
162,1129030,collision,pedestrian,petite_2,5.0,5.5,4.75,0.72,4.78,7,5,-90.7365,220,0.67,0.3,0.06,0.24,0.0,-41.512496999999996,0.9745,14.46,0.457,0.259,
163,1129212,success,,petite_1,4.95,-5.5,0.0,-5.06,4.96,6,5,-17.494,182,0.67,0.3,0.06,0.24,0.0,-41.545851,1.0,14.48,2.19,1.625,
164,1129334,success,,corridor,-6.23,1.28,-6.66,4.68,3.43,5,4,4.6134,122,0.67,0.3,0.06,0.24,0.0,-40.711909999999996,1.0,14.49,3.148,1.214,
165,1129437,success,,longue_1,-4.51,-4.41,-2.79,-6.78,2.93,4,3,4.7049,103,0.68,0.29,0.06,0.23,0.0,-38.922178,1.0,14.49,1.273,0.771,
166,1129581,collision,static,longue_1,-5.35,-6.99,-0.72,-5.21,4.96,6,4,-55.5156,144,0.67,0.3,0.06,0.24,0.0,-39.495483,0.9945,14.5,0.555,0.198,lidar
167,1129891,collision,pedestrian,petite_2,4.52,5.5,1.44,1.57,4.99,9,6,-146.3758,310,0.67,0.3,0.06,0.24,0.0,-40.259161000000006,1.0,14.52,0.455,0.381,
168,1129962,success,,corridor,1.33,0.94,3.29,0.13,2.12,4,3,11.0611,71,0.68,0.29,0.06,0.23,0.0,-39.094201,1.0,14.53,1.31,1.051,
169,1130195,success,,corridor,6.21,-1.19,3.3,-5.69,5.35,7,6,-26.6572,233,0.68,0.29,0.06,0.23,0.0,-39.275842000000004,1.0,14.54,1.081,0.707,
170,1130552,collision,static,corridor,-2.26,1.19,-1.05,6.75,5.69,12,6,-108.4236,357,0.68,0.29,0.06,0.23,0.0,-39.899307,1.0,14.57,2.883,0.387,ground_truth
171,1130666,collision,static,petite_1,4.55,-4.77,6.19,-1.51,3.65,5,2,-80.0869,114,0.67,0.3,0.06,0.24,0.0,-40.705206,0.9999,14.58,2.633,0.199,lidar
172,1130822,success,,corridor,-0.75,0.9,-4.93,-0.04,4.28,6,5,-0.6123,156,0.67,0.3,0.06,0.24,0.0,-40.739316,1.0,14.59,1.604,1.384,
173,1130905,collision,static,petite_2,4.8,5.5,0.27,6.14,4.57,6,3,-66.0156,83,0.67,0.3,0.06,0.24,0.0,-40.604178,0.9659,14.59,0.491,0.191,lidar
174,1131287,success,,corridor,2.25,-0.25,5.8,-6.66,7.33,10,9,-73.0824,382,0.67,0.3,0.06,0.24,0.0,-40.383216000000004,1.0,14.62,3.412,1.148,
175,1131475,success,,petite_1,5.18,-5.5,0.57,-5.73,4.61,6,5,-24.2527,188,0.67,0.3,0.06,0.24,0.0,-39.380553,1.0,14.63,1.768,1.008,
176,1131690,collision,static,longue_1,-4.28,-4.52,-5.07,1.01,5.58,8,3,-78.7752,215,0.66,0.31,0.06,0.25,0.0,-40.270543,1.0,14.65,2.179,0.186,lidar
177,1131823,success,,longue_1,-4.94,-6.73,-2.13,-4.56,3.55,5,4,3.9817,133,0.66,0.31,0.06,0.25,0.0,-40.107423,1.0,14.66,1.83,1.628,
178,1131924,success,,longue_1,-4.77,-5.5,-6.61,-3.29,2.88,4,3,8.583,101,0.66,0.31,0.06,0.25,0.0,-38.667863000000004,1.0,14.66,2.307,1.154,
179,1132011,collision,static,petite_2,5.24,5.5,0.72,4.13,4.73,6,3,-55.1358,87,0.65,0.32,0.06,0.26,0.0,-39.266549000000005,0.9999,14.67,0.514,0.194,lidar
180,1132057,collision,static,longue_2,-5.78,6.76,-4.43,1.18,5.74,8,2,-33.9711,46,0.64,0.33,0.06,0.27,0.0,-39.011731,1.0,14.67,,0.436,ground_truth
181,1132208,success,,petite_2,4.54,5.5,6.75,2.23,3.95,5,4,-6.5888,151,0.65,0.32,0.06,0.26,0.0,-37.526382,1.0,14.68,3.633,1.185,
182,1132277,success,,petite_2,4.63,5.5,6.67,6.21,2.16,4,3,14.7279,69,0.65,0.32,0.06,0.26,0.0,-37.320296000000006,1.0,14.68,3.531,0.757,
183,1132405,success,,longue_2,-5.4,6.77,-6.84,3.93,3.19,5,4,-5.7058,128,0.66,0.31,0.06,0.25,0.0,-36.350452999999995,1.0,14.69,2.924,1.177,
184,1132500,success,,corridor,-4.73,-1.28,-2.39,0.27,2.8,4,3,12.8057,95,0.67,0.31,0.06,0.25,0.0,-34.73854,1.0,14.69,2.658,1.215,
185,1132708,success,,petite_2,4.85,5.5,5.18,1.57,3.95,6,5,-25.2721,208,0.67,0.31,0.06,0.25,0.0,-34.454745,1.0,14.71,0.951,0.638,
186,1132824,success,,corridor,0.54,0.41,-2.61,-0.03,3.18,5,4,3.9987,116,0.67,0.31,0.06,0.25,0.0,-34.29677,1.0,14.71,3.365,0.685,
187,1132995,success,,longue_1,-6.31,-4.83,-5.68,-0.44,4.43,6,5,-9.1701,171,0.67,0.31,0.06,0.25,0.0,-34.380084000000004,1.0,14.72,1.866,1.592,
188,1133487,collision,pedestrian,longue_1,-4.36,-4.46,-4.65,0.9,5.36,8,4,-220.5179,492,0.66,0.32,0.07,0.25,0.0,-36.311194,0.9943,14.76,0.459,0.337,
189,1133560,success,,petite_2,4.54,5.5,6.3,6.78,2.18,4,3,13.1474,73,0.66,0.32,0.07,0.25,0.0,-36.296308,1.0,14.76,3.398,1.209,
190,1133798,collision,static,petite_1,4.5,-5.5,1.71,-1.8,4.63,9,3,-108.4351,238,0.65,0.33,0.07,0.26,0.0,-36.832309,1.0,14.78,3.191,0.187,lidar
191,1134053,collision,static,corridor,4.05,1.31,-4.23,-1.7,8.81,10,7,-76.5846,255,0.64,0.34,0.07,0.27,0.0,-37.696395,1.0,14.79,2.15,0.418,ground_truth
192,1134193,success,,petite_2,5.23,5.5,6.76,2.76,3.14,5,4,-27.6148,140,0.65,0.33,0.07,0.26,0.0,-37.362318,1.0,14.8,,1.166,
193,1134370,success,,petite_2,5.53,6.36,0.75,5.64,4.83,6,5,-8.0196,177,0.65,0.33,0.07,0.26,0.0,-37.526768000000004,1.0,14.81,1.899,0.986,
194,1134513,success,,corridor,-4.7,0.32,-0.65,0.77,4.08,6,5,-10.7097,143,0.66,0.32,0.07,0.25,0.0,-36.980031,1.0,14.81,3.311,1.295,
195,1134763,collision,static,petite_1,5.16,-4.65,3.92,-1.88,3.04,6,2,-116.0188,250,0.66,0.32,0.07,0.25,0.0,-37.112339999999996,1.0,14.83,3.818,0.193,lidar
196,1134860,success,,longue_2,-6.77,5.5,-4.32,6.73,2.74,4,3,8.2517,97,0.67,0.31,0.07,0.24,0.0,-36.420688999999996,1.0,14.83,3.084,1.036,
197,1134966,success,,longue_2,-4.5,6.98,-2.35,4.88,3.01,4,3,2.6314,106,0.67,0.31,0.07,0.24,0.0,-36.454964,1.0,14.84,1.11,0.738,
198,1135032,success,,petite_1,5.33,-5.5,3.6,-4.38,2.07,4,3,10.0917,66,0.67,0.31,0.07,0.24,0.0,-36.375865000000005,1.0,14.84,1.225,0.904,
199,1135167,success,,corridor,1.38,0.7,4.57,-1.61,3.93,5,4,2.9674,135,0.67,0.31,0.07,0.24,0.0,-36.272133000000004,1.0,14.85,2.72,1.652,
200,1135438,success,,longue_1,-5.61,-5.5,-4.99,0.89,6.42,8,7,-29.8964,271,0.68,0.3,0.06,0.24,0.0,-34.89456199999999,1.0,14.86,1.402,1.234,
201,1135586,collision,static,longue_2,-6.84,5.5,-5.63,1.78,3.92,5,3,-80.9459,148,0.67,0.31,0.06,0.25,0.0,-35.778209000000004,1.0,14.87,1.853,0.191,lidar
202,1135818,success,,longue_1,-4.99,-5.5,-6.61,-0.68,5.08,7,6,-27.4647,232,0.67,0.31,0.06,0.25,0.0,-36.107796,1.0,14.88,2.351,1.247,
203,1135956,success,,corridor,5.13,-0.64,1.17,-0.86,3.96,5,4,-1.1011,138,0.67,0.31,0.06,0.25,0.0,-36.261652,1.0,14.89,1.462,2.221,
204,1136129,success,,longue_1,-4.42,-5.5,0.19,-4.73,4.67,6,5,-6.2803,173,0.67,0.31,0.06,0.25,0.0,-35.329229,1.0,14.9,1.448,1.277,
205,1136314,collision,static,longue_2,-5.4,6.86,-1.8,4.27,4.44,6,5,-76.3052,185,0.66,0.32,0.06,0.26,0.0,-36.143454999999996,0.9955,14.91,0.628,0.194,lidar
206,1136411,collision,static,corridor,-6.28,0.36,-0.2,-5.06,8.15,11,3,-79.7972,97,0.65,0.33,0.06,0.27,0.0,-36.904119,0.9999,14.91,0.593,0.197,lidar
207,1136484,success,,petite_1,4.57,-5.5,6.65,-6.53,2.32,4,3,11.2467,73,0.65,0.33,0.06,0.27,0.0,-36.579440000000005,1.0,14.92,3.926,1.168,
208,1136815,success,,petite_2,4.62,5.5,3.9,1.88,3.7,7,6,-68.7618,331,0.66,0.32,0.05,0.27,0.0,-36.626168,1.0,14.93,1.126,0.743,
209,1136954,success,,corridor,0.46,0.0,3.87,-1.69,3.8,5,4,-6.8012,139,0.66,0.32,0.05,0.27,0.0,-36.782499,1.0,14.94,2.661,1.187,
210,1137148,success,,corridor,5.86,-1.04,5.0,-5.8,4.83,6,5,-15.2519,194,0.66,0.32,0.05,0.27,0.0,-36.825848,1.0,14.95,2.512,1.11,
211,1137455,success,,petite_1,4.89,-5.5,6.58,-2.44,3.49,5,4,-74.2639,307,0.66,0.32,0.05,0.27,0.0,-37.226062999999996,1.0,14.96,3.494,0.73,
212,1137566,collision,static,corridor,-5.0,-0.36,-3.66,-5.17,5.0,8,3,-85.1261,111,0.65,0.33,0.05,0.28,0.0,-38.065989,1.0,14.97,0.87,0.186,lidar
213,1137672,success,,longue_2,-6.56,6.39,-3.71,6.86,2.88,4,3,7.2357,106,0.65,0.33,0.05,0.28,0.0,-38.072999,1.0,14.97,2.413,1.091,
214,1138025,success,,petite_1,4.95,-5.5,3.84,-1.2,4.44,7,6,-90.83,353,0.65,0.33,0.05,0.28,0.0,-38.503991,1.0,14.99,1.758,1.359,
215,1138507,collision,static,petite_2,4.59,4.36,3.3,1.76,2.9,6,3,-201.8113,482,0.65,0.33,0.05,0.28,0.0,-39.977478,0.9971,15.01,0.519,0.194,lidar
216,1138677,success,,longue_2,-6.69,6.64,-3.23,4.91,3.87,5,4,-20.3355,170,0.65,0.33,0.05,0.28,0.0,-40.257377,1.0,15.02,1.609,0.925,
217,1138859,collision,static,longue_2,-6.6,6.42,-3.86,0.72,6.32,8,4,-86.8723,182,0.64,0.34,0.05,0.29,0.0,-41.201204,0.9998,15.03,1.976,0.197,lidar
218,1139191,success,,longue_1,-4.8,-6.35,-4.22,0.4,6.78,9,8,-56.4542,332,0.64,0.34,0.05,0.29,0.0,-41.617785,1.0,15.05,1.616,1.471,
219,1139446,success,,corridor,1.86,-0.08,-4.67,-0.91,6.59,8,7,-26.2088,255,0.65,0.33,0.05,0.28,0.0,-41.133113,1.0,15.06,1.019,0.953,
220,1139606,collision,static,longue_2,-7.0,4.77,-6.09,0.67,4.21,6,5,-59.1594,160,0.64,0.34,0.05,0.29,0.0,-41.328729,1.0,15.07,0.673,0.192,lidar
221,1139948,collision,static,longue_1,-4.73,-4.46,-4.57,-0.32,4.14,6,4,-120.919,342,0.64,0.34,0.05,0.29,0.0,-41.415034999999996,1.0,15.08,0.757,0.2,lidar
222,1140417,collision,static,petite_1,4.66,-5.5,6.67,-1.13,4.8,6,3,-181.3288,469,0.64,0.34,0.05,0.29,0.0,-42.628875,1.0,15.11,3.983,0.187,lidar
223,1140553,collision,static,petite_1,5.29,-4.66,2.88,-1.22,4.2,7,2,-79.781,136,0.64,0.34,0.05,0.29,0.0,-42.796102999999995,1.0,15.11,3.171,0.194,lidar
224,1140628,success,,petite_2,4.86,4.23,3.14,5.59,2.19,4,3,8.1504,75,0.65,0.33,0.05,0.28,0.0,-42.325956000000005,1.0,15.11,0.742,0.461,
225,1140749,collision,pedestrian,longue_1,-4.47,-6.76,-0.62,-5.43,4.08,6,4,-58.5211,121,0.64,0.34,0.06,0.28,0.0,-42.970221,0.9595,15.12,0.444,0.385,
226,1140956,success,,petite_2,5.44,4.13,5.26,-1.04,5.17,7,6,-22.125,207,0.64,0.34,0.06,0.28,0.0,-43.265243,1.0,15.13,2.884,1.098,
227,1141044,success,,longue_1,-5.25,-5.5,-6.78,-3.42,2.58,4,3,13.6419,88,0.64,0.34,0.06,0.28,0.0,-42.830104999999996,1.0,15.13,2.338,1.294,
228,1141283,collision,static,petite_1,5.09,-5.5,4.42,-1.76,3.8,6,3,-107.7585,239,0.63,0.35,0.06,0.29,0.0,-43.80886,1.0,15.14,3.743,0.185,lidar
229,1141593,collision,static,longue_1,-5.94,-4.48,-0.74,-1.63,5.93,9,4,-145.0255,310,0.63,0.35,0.06,0.29,0.0,-44.18086,1.0,15.15,0.719,0.195,lidar
230,1141781,collision,static,corridor,3.99,0.32,4.8,6.0,5.73,8,4,-109.8576,188,0.62,0.36,0.06,0.3,0.0,-45.37993900000001,0.9739,15.16,2.145,0.198,lidar
231,1141960,collision,static,petite_1,5.2,-6.48,5.75,-1.11,5.4,7,4,-90.8856,179,0.62,0.36,0.06,0.3,0.0,-45.824714,0.9999,15.17,3.701,0.197,lidar
232,1142037,success,,longue_1,-4.51,-6.56,-3.36,-4.6,2.28,4,3,11.2518,77,0.62,0.36,0.06,0.3,0.0,-44.861287000000004,1.0,15.17,2.228,1.713,
233,1142212,success,,petite_2,5.21,5.5,5.7,1.75,3.78,5,4,-11.7666,175,0.62,0.36,0.06,0.3,0.0,-44.991441,1.0,15.18,2.366,1.145,
234,1142623,collision,static,corridor,-5.82,-0.55,2.33,1.32,8.36,10,8,-144.4205,411,0.61,0.37,0.06,0.31,0.0,-46.519220000000004,1.0,15.19,0.702,0.196,lidar
235,1143223,timeout,,petite_1,4.63,-5.5,4.29,-1.8,3.71,6,5,-312.4655,600,0.6,0.37,0.06,0.31,0.0,-49.650231000000005,0.9755,15.22,3.039,0.365,
236,1143555,collision,static,longue_1,-4.78,-5.5,-3.2,-1.88,3.95,7,4,-125.6612,332,0.6,0.37,0.06,0.31,0.0,-50.541413999999996,1.0,15.23,0.659,0.198,lidar
237,1143684,success,,longue_2,-6.63,6.39,-2.94,6.13,3.7,5,4,-1.1742,129,0.6,0.37,0.06,0.31,0.0,-50.419474,1.0,15.24,1.661,1.02,
238,1143779,success,,petite_2,4.66,6.48,3.47,4.22,2.56,4,3,3.1907,95,0.61,0.36,0.06,0.3,0.0,-49.842545,1.0,15.24,1.216,1.018,
239,1143877,collision,pedestrian,petite_2,4.73,5.5,0.12,5.28,4.61,6,2,-83.9357,98,0.6,0.37,0.07,0.3,0.0,-50.28244000000001,1.0,15.24,0.46,0.323,
240,1144146,success,,longue_1,-4.51,-5.5,-4.45,-0.31,5.19,7,6,-23.7898,269,0.6,0.37,0.07,0.3,0.0,-50.523798,1.0,15.25,1.341,1.31,
241,1144229,collision,static,petite_1,5.64,-4.02,3.71,-1.63,3.07,5,2,-68.2562,83,0.59,0.38,0.07,0.31,0.0,-51.24084400000001,0.9989,15.25,3.039,0.195,lidar
242,1144500,collision,static,petite_1,5.28,-5.5,0.51,-1.35,6.32,10,3,-121.546,271,0.59,0.38,0.06,0.32,0.0,-51.843163,1.0,15.26,,0.198,lidar
243,1144674,success,,longue_2,-5.66,6.68,-1.38,6.45,4.29,6,5,-8.9878,174,0.59,0.38,0.06,0.32,0.0,-51.938320999999995,1.0,15.27,1.97,1.369,
244,1144787,collision,pedestrian,corridor,-0.23,-1.17,2.89,-1.87,3.2,5,4,-55.1848,113,0.59,0.38,0.07,0.31,0.0,-51.358838999999996,1.0,15.28,0.437,1.216,
245,1144891,success,,longue_1,-5.07,-6.62,-2.9,-4.48,3.05,4,3,11.6511,104,0.59,0.38,0.07,0.31,0.0,-50.993178,1.0,15.28,1.902,1.572,
246,1145218,collision,static,longue_1,-4.11,-5.5,0.04,-6.75,4.33,6,4,-148.9332,327,0.58,0.39,0.07,0.32,0.0,-52.599183000000004,1.0,15.29,0.817,0.386,ground_truth
247,1145313,success,,petite_1,5.09,-6.37,3.3,-4.32,2.72,4,3,0.2906,95,0.58,0.39,0.07,0.32,0.0,-52.565757999999995,1.0,15.29,0.801,0.52,
248,1145553,collision,static,corridor,5.15,-0.96,0.64,6.88,9.04,12,5,-102.7736,240,0.57,0.4,0.07,0.33,0.0,-52.687368000000006,0.9823,15.3,1.282,0.197,lidar
249,1145849,collision,static,petite_1,4.53,-5.5,3.95,-1.7,3.84,7,3,-121.4285,296,0.56,0.41,0.07,0.34,0.0,-53.924966000000005,1.0,15.31,2.843,0.185,lidar
250,1145927,collision,static,petite_1,4.71,-4.82,0.32,-6.45,4.68,6,3,-59.5625,78,0.55,0.42,0.07,0.35,0.0,-54.248702,0.9641,15.31,0.517,0.173,lidar
251,1146252,success,,corridor,-3.58,-0.97,4.56,-1.02,8.14,10,9,-37.3441,325,0.55,0.42,0.07,0.35,0.0,-54.29651500000001,1.0,15.32,2.487,2.021,
252,1146358,success,,longue_1,-4.88,-5.5,-1.91,-4.82,3.05,4,3,7.3751,106,0.56,0.41,0.06,0.35,0.0,-53.130438000000005,1.0,15.33,1.734,1.598,
253,1146427,success,,petite_1,5.07,-5.5,6.62,-6.77,2.0,3,2,11.3948,69,0.56,0.41,0.06,0.35,0.0,-53.08028600000001,1.0,15.33,,1.205,
254,1146902,success,,petite_1,5.05,-5.5,6.73,-3.39,2.7,4,3,-84.9088,475,0.57,0.4,0.06,0.34,0.0,-53.34168600000001,1.0,15.34,3.993,0.859,
255,1147027,success,,longue_2,-6.56,6.84,-3.42,5.94,3.27,5,4,-1.6801,125,0.58,0.4,0.06,0.34,0.0,-51.867628999999994,1.0,15.35,2.044,0.791,
256,1147108,collision,static,petite_1,5.46,-4.19,6.67,-1.22,3.21,5,2,-67.5068,81,0.58,0.4,0.06,0.34,0.0,-52.079354,1.0,15.35,3.18,0.19,lidar
257,1147302,collision,static,petite_1,4.85,-4.51,2.9,-1.78,3.35,7,2,-101.1577,194,0.57,0.41,0.06,0.35,0.0,-53.09415,0.9999,15.36,3.842,0.196,lidar
258,1147419,success,,longue_2,-6.83,6.89,-3.64,6.6,3.21,5,4,-0.3109,117,0.57,0.41,0.06,0.35,0.0,-53.190102,1.0,15.36,2.344,1.036,
259,1147538,collision,static,petite_2,5.12,6.48,6.89,2.83,4.06,6,3,-79.0805,119,0.57,0.41,0.06,0.35,0.0,-53.144289,1.0,15.36,3.215,0.247,ground_truth
260,1148138,timeout,,corridor,-0.54,0.33,0.45,4.22,4.01,14,7,-148.6724,600,0.56,0.41,0.06,0.35,0.0,-53.180499,1.0,15.38,2.711,0.704,
261,1148312,success,,longue_1,-6.39,-4.01,-2.37,-4.39,4.04,5,4,-19.9305,174,0.57,0.41,0.06,0.35,0.0,-52.25124400000001,1.0,15.39,1.632,0.963,
262,1148443,success,,longue_2,-6.48,6.83,-3.52,6.33,3.0,5,4,-6.347,131,0.58,0.4,0.05,0.35,0.0,-51.407349,1.0,15.39,2.06,1.198,
263,1148561,success,,petite_2,4.65,5.5,6.66,2.99,3.22,5,4,1.3582,118,0.58,0.4,0.05,0.35,0.0,-51.218827000000005,1.0,15.39,3.954,1.06,
264,1148646,success,,petite_1,6.43,-6.29,4.63,-4.89,2.29,4,3,8.0845,85,0.58,0.4,0.05,0.35,0.0,-51.184116,1.0,15.4,2.123,1.432,
265,1148817,success,,longue_2,-6.85,5.5,-3.0,5.89,3.87,5,4,-23.3533,171,0.58,0.4,0.05,0.35,0.0,-51.464698,1.0,15.4,2.295,0.964,
266,1148935,success,,longue_1,-4.7,-4.81,-1.46,-5.72,3.36,5,4,3.8634,118,0.59,0.39,0.05,0.34,0.0,-50.870908,1.0,15.4,0.984,0.81,
267,1149000,collision,static,longue_2,-4.32,6.78,-6.72,4.08,3.61,5,2,-49.8252,65,0.59,0.39,0.04,0.35,0.0,-49.905402,1.0,15.4,3.266,0.532,ground_truth
268,1149087,success,,longue_1,-4.57,-4.06,-2.29,-5.57,2.73,4,3,3.4438,87,0.59,0.39,0.04,0.35,0.0,-49.981575,1.0,15.41,1.508,1.248,
269,1149407,success,,corridor,3.61,0.97,-3.47,0.61,7.1,8,7,-44.5158,320,0.59,0.39,0.04,0.35,0.0,-50.160160999999995,1.0,15.41,2.631,1.728,
270,1149616,success,,longue_1,-5.32,-5.5,-5.16,-1.21,4.29,6,5,-22.5987,209,0.6,0.38,0.04,0.34,0.0,-49.301912,1.0,15.42,1.433,0.987,
271,1149868,collision,static,corridor,-4.87,-0.01,-3.07,4.9,5.23,8,5,-112.9997,252,0.6,0.38,0.04,0.34,0.0,-49.631040000000006,1.0,15.43,3.055,0.446,ground_truth
272,1149960,success,,petite_2,5.48,4.22,4.32,6.63,2.68,4,3,8.1266,92,0.6,0.38,0.04,0.34,0.0,-49.54365100000001,1.0,15.43,1.785,1.49,
273,1150120,collision,static,petite_1,4.71,-5.5,0.24,-6.74,4.63,6,3,-80.1543,120,0.6,0.38,0.04,0.34,0.0,-49.68503799999999,1.0,14.69,1.797,0.185,lidar
274,1150229,success,,petite_1,6.22,-6.49,3.28,-5.36,3.15,5,4,5.2775,109,0.6,0.38,0.04,0.34,0.0,-48.90143900000001,1.0,14.7,1.43,1.278,
275,1150498,collision,static,longue_1,-5.92,-4.21,-6.74,1.72,5.99,7,6,-143.7222,269,0.59,0.39,0.04,0.35,0.0,-50.096134,0.9999,14.71,0.466,0.197,lidar
276,1150563,success,,petite_2,5.87,6.24,3.81,6.84,2.15,4,3,10.1111,65,0.6,0.38,0.04,0.34,0.0,-49.207271,1.0,14.71,1.746,1.135,
277,1150752,success,,petite_1,4.58,-4.63,0.12,-4.5,4.47,6,5,-21.3116,189,0.6,0.38,0.04,0.34,0.0,-49.460204,1.0,14.72,2.207,1.478,
278,1150831,success,,corridor,-0.12,0.42,-2.07,1.76,2.37,4,3,12.8869,79,0.6,0.38,0.04,0.34,0.0,-49.417165000000004,1.0,14.72,3.349,1.449,
279,1150917,success,,petite_1,6.1,-6.19,4.31,-5.24,2.02,4,3,4.9773,86,0.61,0.37,0.04,0.33,0.0,-48.816034,1.0,14.72,2.297,1.72,
280,1150976,collision,pedestrian,corridor,2.43,1.09,5.0,5.8,5.36,8,2,-57.5913,59,0.61,0.37,0.05,0.32,0.0,-49.05223599999999,0.9169,14.72,0.453,0.307,
281,1151296,collision,static,petite_1,5.31,-5.5,5.72,-1.82,3.7,5,3,-149.56,320,0.6,0.38,0.05,0.33,0.0,-50.481948,1.0,14.74,2.845,0.195,lidar
282,1151552,success,,petite_1,5.07,-5.5,6.83,-3.2,2.9,4,3,-62.7599,256,0.6,0.38,0.05,0.33,0.0,-51.256826000000004,1.0,14.75,,0.925,
283,1151657,success,,petite_2,6.22,6.47,4.03,4.26,3.11,5,4,4.1908,105,0.6,0.38,0.05,0.33,0.0,-51.15786,1.0,14.75,1.922,1.283,
284,1151779,success,,longue_2,-6.04,6.47,-2.67,6.71,3.38,5,4,0.3113,122,0.6,0.38,0.05,0.33,0.0,-51.282804000000006,1.0,14.75,1.447,0.952,
285,1151856,success,,longue_2,-4.86,6.94,-6.63,5.88,2.07,4,3,6.9454,77,0.6,0.38,0.05,0.33,0.0,-50.960629,,14.76,,1.057,
286,1151947,collision,static,longue_2,-4.81,6.78,-6.61,3.52,3.73,5,2,-64.4473,91,0.59,0.39,0.05,0.34,0.0,-51.645089,1.0,14.76,3.435,0.457,ground_truth
287,1152060,success,,petite_2,5.7,6.44,3.45,6.66,2.27,4,3,-0.7535,113,0.59,0.39,0.05,0.34,0.0,-51.560923,1.0,14.76,1.965,1.477,
288,1152322,collision,pedestrian,petite_2,4.73,5.5,3.56,1.74,3.94,7,5,-117.9088,262,0.59,0.39,0.05,0.34,0.0,-50.534831999999994,0.9759,14.77,0.46,0.245,
289,1152534,success,,longue_1,-5.18,-5.5,-4.96,-1.63,3.88,6,5,-22.5265,212,0.59,0.39,0.05,0.34,0.0,-50.89157099999999,1.0,14.78,1.327,0.816,
290,1152813,success,,longue_2,-6.82,6.64,-5.58,0.81,5.97,7,6,-82.4268,279,0.6,0.38,0.05,0.33,0.0,-50.631488,0.9965,14.79,0.786,0.533,
291,1152967,success,,longue_1,-5.15,-5.5,-1.32,-4.47,3.97,5,4,-11.3429,154,0.61,0.37,0.05,0.32,0.0,-49.979071000000005,1.0,14.8,0.828,0.682,
292,1153045,collision,static,longue_2,-4.01,6.57,-1.04,4.87,3.42,5,3,-48.6953,78,0.6,0.38,0.05,0.33,0.0,-50.189876,0.9999,14.8,0.553,0.2,lidar
293,1153273,collision,static,petite_1,5.39,-5.5,5.11,-1.81,3.7,5,3,-109.5263,228,0.59,0.39,0.05,0.34,0.0,-51.204943,1.0,14.81,3.244,0.198,lidar
294,1153527,collision,static,petite_1,4.85,-4.14,4.49,0.79,4.94,7,2,-119.3971,254,0.58,0.4,0.05,0.35,0.0,-52.291817,1.0,14.82,3.227,0.199,lidar
295,1153654,success,,longue_1,-6.45,-4.68,-3.16,-5.23,3.33,5,4,0.9793,127,0.59,0.39,0.05,0.34,0.0,-51.121836,1.0,14.82,2.14,1.751,
296,1153798,success,,longue_2,-6.59,6.4,-6.68,2.81,3.59,5,4,-6.775,144,0.59,0.39,0.05,0.34,0.0,-51.272102999999994,1.0,14.83,1.962,0.802,
297,1154169,success,,corridor,-4.92,-1.48,4.63,-0.95,9.57,11,10,-53.0954,371,0.59,0.39,0.05,0.34,0.0,-51.829371,1.0,14.84,2.874,1.856,
298,1154265,collision,static,longue_2,-6.99,4.06,-4.41,0.27,4.58,6,2,-61.1317,96,0.58,0.4,0.05,0.35,0.0,-52.541605,1.0,14.85,1.946,0.199,lidar
299,1154665,collision,static,petite_1,4.79,-5.5,6.78,-1.09,4.84,6,3,-159.0989,400,0.57,0.41,0.05,0.36,0.0,-54.162268000000005,1.0,14.86,3.51,0.184,lidar
300,1154806,collision,static,petite_1,5.41,-4.18,4.22,0.28,4.62,6,2,-94.0933,141,0.56,0.42,0.05,0.37,0.0,-54.80423699999999,0.9998,14.86,2.941,0.196,lidar
301,1155346,collision,static,petite_1,4.7,-5.5,6.36,-1.89,3.97,5,3,-187.7869,540,0.56,0.42,0.05,0.37,0.0,-55.872647,1.0,14.89,2.799,0.194,lidar
302,1155497,success,,longue_1,-5.37,-4.56,-5.65,-1.46,3.12,5,4,-11.0528,151,0.56,0.42,0.05,0.37,0.0,-55.708527999999994,1.0,14.89,1.464,0.959,
303,1155788,success,,petite_2,5.58,4.2,4.62,-0.0,4.31,6,5,-64.3376,291,0.56,0.42,0.05,0.37,0.0,-56.340892999999994,1.0,14.9,1.381,0.935,
